0,"[0, 1, 2, 3, 4, 5, 6]"
1,"[0, 1, 2, 3, 4, 5]"
2,"[0, 1, 3]"
6,"[0, 1, 2, 3, 4]"
8,"[0, 1, 2, 4]"
9,"[0, 1, 4]"
10,"[0, 4]"
11,"[0, 4]"
12,"[0, 4, 5, 6]"
31,"[0, 1, 4, 5, 6]"
32,"[0, 1, 2, 3, 4, 5]"
54,"[0, 1, 2, 3, 4, 5, 6]"
59,"[0, 1, 2, 3, 4]"
68,"[0, 1, 3]"
69,"[0, 1, 2, 3, 4]"
78,"[0, 1, 2, 3]"
85,"[0, 1, 2, 3]"
97,"[0, 1, 2]"
113,"[0, 1, 2, 3, 4, 5]"
114,"[0, 1, 3, 5]"
116,"[0, 1, 2, 3]"
117,"[0, 1, 3]"
118,"[0, 3, 4, 5, 6]"
119,"[0, 2, 3, 4]"
120,"[0, 2, 3, 4]"
122,"[0, 1, 2, 3, 4]"
131,"[0, 1, 2, 3]"
132,"[0, 1, 3]"
133,"[0, 1, 2, 3, 4]"
134,"[0, 1, 3]"
135,"[0, 1, 2, 3, 4]"
157,"[0, 1, 2, 3, 4, 5, 6]"
158,"[0, 1, 2, 3, 6]"
159,"[0, 1, 2, 3, 6]"
162,"[0, 1, 2, 3]"
164,"[0, 1, 2, 3]"
174,"[0, 1, 2, 3, 6]"
201,"[0, 1, 2, 5]"
203,"[0, 1, 2, 5]"
232,"[0, 1, 2, 3]"
247,"[0, 1, 2, 3, 4, 5]"
265,"[0, 1, 2, 3, 4, 5, 6]"
266,"[0, 1, 2, 3, 5]"
269,"[0, 1, 2, 3, 4, 5]"
275,"[0, 1, 2, 4, 5, 6]"
291,"[0, 1, 2, 3, 4]"
292,"[0, 1, 2, 3, 4, 5]"
293,"[0, 1, 2, 4]"
294,"[0, 1, 2]"
295,"[0, 1, 2, 3]"
296,"[0, 1, 2, 3]"
308,"[0, 1, 2]"
316,"[0, 1, 2, 4, 5, 6]"
317,"[0, 1, 4, 5, 6]"
318,"[0, 4, 5, 6]"
319,"[0, 1, 2, 3, 4]"
320,"[0, 3]"
329,"[0, 1, 2, 5, 6]"
331,"[0, 1, 2]"
338,"[0, 1, 2, 3, 4]"
359,"[0, 1]"
360,"[0, 1]"
363,"[0, 1, 2, 3, 5]"
364,"[0, 1, 2, 3]"
369,"[0, 1, 2, 4, 6]"
392,"[0, 1, 2, 3]"
393,"[0, 1, 2]"
394,"[0, 1, 2]"
395,"[0, 1, 2]"
396,"[0, 1, 2]"
429,"[0, 1, 2, 3]"
431,"[0, 1, 2, 5]"
437,"[0, 1]"
438,"[0, 1, 2]"
453,"[0, 1, 3]"
454,"[0, 1, 3]"
455,"[0, 1, 2, 3, 4, 5]"
456,"[0, 1, 3]"
459,"[0, 1, 2, 3, 4, 6]"
460,"[0, 2, 4, 6]"
461,"[0, 1, 2, 3, 4]"
462,"[0, 2, 4]"
463,"[0, 2, 3, 4]"
490,"[0, 1, 2, 3]"
493,"[0, 1, 2, 3, 4, 5, 6]"
498,"[0, 1, 2]"
502,"[0, 1, 2, 3, 4]"
514,"[0, 1, 2, 4, 5]"
529,"[0, 1, 2, 3, 4, 5, 6]"
530,"[0, 1, 2, 3, 5]"
555,"[0, 1, 2]"
556,"[0, 1, 2]"
557,"[0, 1, 2]"
569,"[0, 1, 2, 3, 4]"
582,"[0, 1, 2, 5]"
583,"[0, 1, 2]"
594,"[0, 1, 4, 6]"
595,"[0, 1, 4, 5, 6]"
597,"[0, 1, 2, 3, 4, 5, 6]"
598,"[0, 1, 2, 6]"
599,"[0, 1, 2, 3, 6]"
600,"[0, 2, 3, 4, 5, 6]"
601,"[0, 3, 4, 5, 6]"
604,"[0, 1, 4]"
605,"[0, 1, 3, 4, 5]"
610,"[0, 1, 2]"
661,"[0, 1, 2, 3, 4]"
664,"[0, 1, 2, 4]"
665,"[0, 1, 2, 3, 4]"
671,"[0, 1, 2]"
697,"[0, 1, 3]"
698,"[0, 1, 2, 3, 4]"
723,"[0, 1, 2, 4]"
724,"[0, 2, 3, 4, 5]"
725,"[0, 2, 4]"
726,"[0, 4, 5]"
727,"[0, 4, 5]"
728,"[0, 1, 2, 3, 4]"
730,"[0, 1, 2, 4]"
732,"[0, 1, 2, 4, 5, 6]"
737,"[0, 1, 2, 3]"
754,"[0, 1, 2, 3, 4, 5]"
764,"[0, 1, 2]"
765,"[0, 1, 2, 3, 4]"
782,"[0, 1, 2, 3, 4, 5, 6]"
783,"[0, 1, 2, 3, 5]"
784,"[0, 1, 2]"
785,"[0, 1, 2]"
786,"[0, 1, 2, 3, 4, 5]"
787,"[0, 1, 3]"
810,"[0, 1, 2, 4, 5, 6]"
860,"[0, 1, 2, 3]"
861,"[0, 1, 2, 3]"
862,"[0, 1, 2]"
863,"[0, 1, 2]"
890,"[0, 1, 2, 4, 5, 6]"
896,"[0, 1, 2, 3]"
905,"[0, 1, 2, 3, 4]"
912,"[0, 1, 2, 3]"
934,"[0, 1, 2, 3, 4]"
956,"[0, 1, 2, 3, 5, 6]"
966,"[0, 1, 2, 3]"
968,"[0, 1, 2]"
970,"[0, 1, 2]"
979,"[0, 1, 6]"
980,"[0, 1, 6]"
984,"[0, 1, 2]"
985,"[0, 1, 2]"
986,"[0, 1, 2]"
987,"[0, 1, 2, 3]"
988,"[0, 1, 2, 3]"
989,"[0, 1, 2, 3, 4, 5]"
990,"[0, 1, 3]"
998,"[0, 1, 2, 3, 4, 5, 6]"
999,"[0, 1, 2, 3, 5]"
1011,"[0, 1, 2, 3, 5]"
1013,"[0, 1, 2, 3]"
1026,"[0, 1, 2, 3]"
1027,"[0, 2]"
1028,"[0, 1, 2, 3]"
1029,"[0, 2]"
1030,"[0, 2, 3, 4]"
1031,"[0, 2, 3, 4]"
1032,"[0, 2, 3, 4]"
1033,"[0, 2, 3, 4, 5, 6]"
1034,"[0, 2, 5]"
1060,"[0, 1, 2, 3, 5]"
1086,"[0, 1, 2, 3]"
1097,"[0, 1, 2, 3]"
1098,"[0, 3]"
1099,"[0, 2, 3, 4]"
1100,"[0, 3, 4]"
1101,"[0, 1, 2, 3, 4]"
1127,"[0, 1, 2]"
1128,"[0, 1, 2, 3, 4]"
1129,"[0, 4]"
1130,"[0, 4]"
1131,"[0, 3, 4]"
1136,"[0, 1, 2, 3]"
1146,"[0, 1, 2, 3, 4, 5, 6]"
1150,"[0, 1, 2, 3]"
1152,"[0, 1, 2, 4]"
1157,"[0, 1, 2, 4]"
1175,"[0, 1, 2, 4]"
1200,"[0, 1, 2, 3]"
1203,"[0, 1, 2, 3]"
1212,"[0, 1, 2, 3, 4]"
1248,"[0, 1, 2, 3, 4, 5]"
1249,"[0, 1, 5]"
1250,"[0, 1, 2, 5]"
1251,"[0, 1, 2]"
1252,"[0, 1, 2, 3, 4]"
1255,"[0, 1, 2, 3, 4, 5]"
1263,"[0, 1, 2, 4]"
1265,"[0, 1, 2, 4]"
1266,"[0, 2, 4]"
1267,"[0, 2]"
1268,"[0, 2, 3]"
1269,"[0, 2, 3]"
1270,"[0, 1, 2, 3, 4, 5]"
1271,"[0, 1, 3]"
1278,"[0, 1, 2, 4, 5, 6]"
1279,"[0, 1, 2, 5]"
1280,"[0, 1, 2, 5]"
1285,"[0, 1, 2]"
1287,"[0, 1, 2, 3, 4]"
1288,"[0, 1, 2, 3, 4]"
1301,"[0, 1, 2]"
1302,"[0, 1, 2, 3, 4]"
1307,"[0, 1, 2, 3, 5]"
1320,"[0, 1, 2, 3]"
1323,"[0, 1, 2, 3]"
1336,"[0, 1, 2, 4]"
1341,"[0, 1, 2, 3, 5]"
1342,"[0, 1, 2, 5]"
1349,"[0, 1, 2, 5]"
1358,"[0, 1, 2, 3]"
1367,"[0, 1, 2, 3]"
1377,"[0, 1, 2, 3]"
1378,"[0, 2, 3, 4, 5, 6]"
1379,"[0, 2]"
1380,"[0, 1, 2]"
1381,"[0, 1, 2]"
1383,"[0, 1, 2, 4]"
1390,"[0, 1, 2, 3, 4, 5]"
1396,"[0, 1, 3, 6]"
1397,"[0, 1, 2, 3, 4, 6]"
1398,"[0, 1, 2, 3, 4]"
1448,"[0, 1, 2, 3]"
1449,"[0, 1, 3]"
1450,"[0, 1, 2, 3, 4]"
1451,"[0, 1, 3, 4, 5, 6]"
1452,"[0, 1, 2, 3, 6]"
1475,"[0, 1, 2, 3, 4]"
1483,"[0, 1, 2, 3, 4, 5]"
1484,"[0, 1, 3, 5]"
1485,"[0, 3, 5]"
1486,"[0, 3, 4, 5]"
1487,"[0, 3, 4, 5]"
1509,"[0, 1, 2, 4]"
1517,"[0, 1, 2, 4]"
1518,"[0, 2, 4]"
1519,"[0, 2, 4]"
1520,"[0, 1, 2, 4]"
1521,"[0, 1, 2]"
1538,"[0, 1, 2, 3, 4]"
1559,"[0, 1, 2, 3, 4, 5, 6]"
1564,"[0, 1, 4]"
1565,"[0, 1, 3, 4, 5]"
1592,"[0, 1, 2, 3, 4]"
1599,"[0, 1, 2, 3, 5]"
1600,"[0, 1, 2, 3]"
1621,"[0, 1, 2, 3]"
1657,"[0, 1, 2, 3, 5, 6]"
1659,"[0, 1, 2, 5, 6]"
1677,"[0, 1, 2, 3, 5, 6]"
1679,"[0, 1, 2]"
1680,"[0, 1, 2]"
1681,"[0, 1, 2, 3]"
1682,"[0, 2, 3, 4, 5]"
1683,"[0, 2, 5]"
1707,"[0, 1, 2, 3]"
1712,"[0, 1, 2, 3, 4, 6]"
1715,"[0, 1, 2, 4, 5, 6]"
1716,"[0, 1, 2, 6]"
1725,"[0, 1, 2, 3, 4, 6]"
1737,"[0, 1, 2]"
1739,"[0, 1, 2]"
1759,"[0, 1, 2, 3]"
1764,"[0, 1, 2, 3, 4]"
1772,"[0, 1, 2, 3, 4, 5, 6]"
1773,"[0, 1, 3, 4, 5]"
1774,"[0, 1, 2, 5]"
1775,"[0, 1, 2, 5]"
1776,"[0, 2, 3, 4, 5, 6]"
1778,"[0, 1, 2]"
1779,"[0, 1, 2, 3, 4]"
1795,"[0, 1, 2, 3, 4]"
1796,"[0, 1, 2, 3, 4, 5]"
1797,"[0, 2, 4, 5]"
1798,"[0, 2, 3, 4, 5]"
1799,"[0, 3, 4, 5]"
1800,"[0, 5]"
1838,"[0, 1, 2, 3]"
1840,"[0, 1, 2]"
1851,"[0, 1, 2, 3, 4]"
1862,"[0, 1, 2, 3]"
1882,"[0, 1, 2, 3, 4, 5]"
1891,"[0, 1, 2, 3, 6]"
1896,"[0, 1, 2, 3, 4]"
1904,"[0, 1, 2, 3]"
1926,"[0, 1, 2, 3, 5]"
1927,"[0, 1, 3, 5]"
1928,"[0, 3]"
1929,"[0, 3]"
1930,"[0, 2, 3]"
1937,"[0, 1, 2, 3, 5]"
1944,"[0, 1, 2, 3, 4]"
1948,"[0, 1, 2, 4]"
1949,"[0, 2, 4]"
1950,"[0, 2, 4, 5]"
1951,"[0, 4, 5]"
1952,"[0, 3, 4]"
1961,"[0, 1, 2, 3, 4]"
1963,"[0, 1, 2, 4]"
1968,"[0, 1, 2, 3, 4]"
1970,"[0, 1, 2, 4]"
1979,"[0, 1, 2, 3]"
1990,"[0, 1, 2, 3, 4]"
1995,"[0, 1, 4]"
1996,"[0, 1]"
2007,"[0, 1, 2, 4, 5, 6]"
2009,"[0, 1, 4, 6]"
2010,"[0, 1, 4]"
2013,"[0, 1, 2, 5, 6]"
2019,"[0, 1, 3, 4, 5]"
2020,"[0, 1, 4]"
2033,"[0, 1, 2, 3, 4, 5]"
2071,"[0, 1, 2, 4]"
2075,"[0, 1, 2, 3, 4, 5, 6]"
2076,"[0, 1, 2, 3, 5]"
2084,"[0, 1, 2]"
2086,"[0, 1, 3, 4]"
2087,"[0, 1, 3, 4]"
2092,"[0, 1, 2]"
2093,"[0, 1, 2, 3, 4]"
2094,"[0, 1, 2, 4]"
2095,"[0, 1, 2, 4]"
2096,"[0, 4]"
2114,"[0, 1, 2, 3, 4, 5]"
2133,"[0, 1, 2, 3, 4]"
2141,"[0, 1, 2, 4]"
2142,"[0, 1, 2, 3, 4, 5]"
2143,"[0, 1, 2, 4]"
2150,"[0, 1, 2, 3, 4, 5, 6]"
2151,"[0, 1, 2, 3, 5]"
2155,"[0, 1, 2, 3, 4]"
2157,"[0, 1, 2, 3, 4, 5, 6]"
2164,"[0, 1, 2]"
2165,"[0, 1, 2, 3, 4]"
2166,"[0, 4]"
2167,"[0, 4]"
2168,"[0, 4, 5]"
2169,"[0, 1, 2, 3, 4, 5]"
2171,"[0, 1, 2]"
2173,"[0, 1, 2]"
2174,"[0, 2]"
2175,"[0, 2]"
2176,"[0, 2, 3, 4, 5]"
2177,"[0, 3]"
2200,"[0, 1, 2, 3, 4, 5]"
2204,"[0, 1, 2, 4, 5, 6]"
2205,"[0, 1, 4, 5, 6]"
2206,"[0, 4, 5, 6]"
2207,"[0, 3, 4, 5, 6]"
2208,"[0, 5]"
2221,"[0, 1, 2]"
2222,"[0, 1, 2]"
2223,"[0, 1, 2]"
2224,"[0, 1, 2]"
2225,"[0, 1, 2]"
2240,"[0, 1, 2, 3, 4, 5]"
2248,"[0, 1, 2, 5]"
2249,"[0, 1, 5]"
2250,"[0, 5, 6]"
2251,"[0, 5, 6]"
2252,"[0, 1, 2, 3, 4, 5]"
2253,"[0, 1, 2, 4, 5, 6]"
2254,"[0, 1, 4, 5, 6]"
2255,"[0, 4, 5, 6]"
2256,"[0, 2, 3, 4, 5]"
2257,"[0, 4]"
2264,"[0, 1, 2, 3, 4, 5]"
2283,"[0, 1, 2, 4, 5]"
2288,"[0, 1, 2, 3, 4]"
2289,"[0, 1, 3, 4, 5]"
2290,"[0, 1, 4]"
2330,"[0, 1, 2, 4]"
2331,"[0, 2, 4]"
2332,"[0, 2]"
2333,"[0, 2, 3]"
2334,"[0, 2, 3]"
2352,"[0, 1, 2]"
2353,"[0, 1, 2, 3, 4]"
2362,"[0, 1, 2, 4, 5, 6]"
2363,"[0, 1, 4, 5, 6]"
2364,"[0, 1, 2, 3, 4]"
2365,"[0, 4]"
2366,"[0, 3, 4, 5]"
2382,"[0, 1, 2, 3]"
2383,"[0, 3]"
2384,"[0, 2, 3, 4]"
2385,"[0, 3]"
2386,"[0, 3, 4, 5]"
2387,"[0, 1, 5]"
2388,"[0, 1, 5]"
2393,"[0, 1, 2, 5]"
2394,"[0, 1, 2]"
2395,"[0, 1, 2]"
2399,"[0, 1, 2, 3]"
2419,"[0, 1, 2]"
2426,"[0, 1, 2, 3, 4]"
2435,"[0, 1, 2, 3, 4, 5]"
2442,"[0, 1, 2, 6]"
2443,"[0, 1, 6]"
2444,"[0, 1, 2]"
2445,"[0, 1, 2]"
2446,"[0, 2, 3, 4, 5]"
2453,"[0, 1, 2, 3, 4, 5]"
2461,"[0, 1, 2, 3, 4]"
2464,"[0, 1, 2, 3, 4, 5]"
2476,"[0, 1, 2, 3]"
2482,"[0, 1, 2, 3, 4, 5]"
2504,"[0, 1, 2, 3, 4, 5]"
2516,"[0, 1, 2, 3, 4]"
2520,"[0, 1, 2]"
2521,"[0, 1, 2]"
2522,"[0, 1, 2]"
2523,"[0, 1, 2, 3]"
2524,"[0, 1, 2, 3]"
2537,"[0, 1, 2, 3, 5]"
2539,"[0, 1, 2, 4, 5]"
2547,"[0, 1, 2, 3, 5]"
2550,"[0, 1, 2, 3, 5, 6]"
2552,"[0, 1, 2, 6]"
2562,"[0, 1, 2, 3]"
2583,"[0, 1]"
2584,"[0, 1]"
2587,"[0, 1, 2]"
2589,"[0, 1, 2]"
2599,"[0, 1, 2, 4, 5, 6]"
2607,"[0, 1, 2, 3]"
2616,"[0, 1, 2, 3, 4, 6]"
2617,"[0, 1, 2, 3, 4, 5, 6]"
2618,"[0, 1, 2, 4, 6]"
2619,"[0, 1, 2, 6]"
2620,"[0, 1, 2, 3, 5, 6]"
2621,"[0, 1, 3, 4, 5, 6]"
2622,"[0, 1, 3, 5]"
2642,"[0, 1, 2]"
2650,"[0, 1, 3, 4, 5, 6]"
2651,"[0, 1, 3, 5]"
2652,"[0, 1, 2, 3]"
2659,"[0, 1, 2, 3, 4]"
2666,"[0, 1, 2, 3, 4, 5]"
2667,"[0, 1]"
2669,"[0, 1, 2]"
2670,"[0, 1, 2, 3, 4]"
2671,"[0, 4]"
2672,"[0, 4]"
2673,"[0, 4]"
2674,"[0, 1, 3, 4, 5]"
2675,"[0, 1, 4]"
2676,"[0, 1, 2, 3]"
2681,"[0, 1, 2, 3, 4]"
2682,"[0, 1, 3, 4, 5, 6]"
2722,"[0, 1, 2, 3, 4]"
2738,"[0, 1, 2, 3, 4]"
2744,"[0, 1, 2, 3, 4, 5]"
2746,"[0, 1, 2, 5]"
2750,"[0, 1, 3]"
2751,"[0, 1, 2, 3, 4]"
2752,"[0, 1, 3, 4, 5, 6]"
2753,"[0, 1, 3, 6]"
2770,"[0, 1, 2, 3, 4]"
2783,"[0, 1, 4]"
2784,"[0, 1, 4]"
2785,"[0, 1, 2, 3, 4]"
2786,"[0, 3, 4, 5]"
2787,"[0, 4, 5, 6]"
2788,"[0, 2, 3, 4, 5, 6]"
2789,"[0, 4]"
2834,"[0, 1, 2, 3, 4]"
2848,"[0, 1]"
2849,"[0, 1]"
2850,"[0, 1, 2, 3]"
2855,"[0, 1, 2, 3, 4]"
2856,"[0, 1, 2, 3, 4]"
2857,"[0, 2, 3, 4, 5]"
2858,"[0, 3]"
2859,"[0, 2, 3, 4]"
2860,"[0, 3]"
2861,"[0, 2, 3, 4]"
2862,"[0, 2, 4]"
2863,"[0, 2, 4]"
2864,"[0, 2]"
2879,"[0, 1, 2, 3, 4]"
2889,"[0, 1, 2, 3]"
2891,"[0, 1, 2, 4]"
2898,"[0, 1, 2, 3]"
2899,"[0, 1, 2, 3]"
2900,"[0, 1, 2, 3]"
2901,"[0, 1, 2, 3]"
2904,"[0, 1, 2, 3, 4, 5]"
2906,"[0, 1, 3, 5]"
2907,"[0, 1, 3]"
2910,"[0, 1, 2]"
2911,"[0, 1]"
2912,"[0, 1, 2, 3]"
2913,"[0, 2, 3]"
2914,"[0, 2, 3]"
2940,"[0, 1, 2, 3]"
2947,"[0, 1, 2, 3, 4]"
2956,"[0, 1, 2, 3, 4, 5, 6]"
2957,"[0, 1, 3, 4, 5]"
2958,"[0, 2, 3, 5]"
2959,"[0, 2, 3, 5]"
2960,"[0, 2, 3, 4, 5]"
2965,"[0, 1, 3]"
2966,"[0, 1, 3]"
2977,"[0, 1, 2, 5]"
2984,"[0, 1, 2, 3, 4, 5, 6]"
2998,"[0, 1, 2, 5]"
2999,"[0, 1, 2, 3, 4, 5, 6]"
3000,"[0, 1, 2, 5]"
3001,"[0, 1, 2, 4, 5, 6]"
3002,"[0, 1, 2, 5]"
3003,"[0, 1, 2, 5]"
3014,"[0, 1, 2, 3, 4, 6]"
3017,"[0, 1, 2, 3, 4, 5, 6]"
3018,"[0, 2, 5]"
3019,"[0, 2, 5]"
3020,"[0, 3, 4, 5, 6]"
3021,"[0, 5]"
3052,"[0, 1, 2, 3, 6]"
3064,"[0, 1, 2, 3, 6]"
3066,"[0, 1, 2, 6]"
3074,"[0, 1, 2, 3, 4, 5]"
3076,"[0, 1, 2, 3, 4, 5]"
3081,"[0, 1, 2, 3]"
3090,"[0, 1, 2, 3, 4]"
3111,"[0, 1]"
3112,"[0, 1]"
3115,"[0, 1, 2, 3, 5]"
3116,"[0, 1, 2, 3]"
3121,"[0, 1, 2, 4, 6]"
3144,"[0, 1, 2, 3]"
3145,"[0, 1, 2]"
3146,"[0, 1, 2]"
3147,"[0, 1, 2]"
3148,"[0, 1, 2]"
3181,"[0, 1, 2, 3]"
3183,"[0, 1, 2, 5]"
3189,"[0, 1]"
3190,"[0, 1, 2]"
3205,"[0, 1, 3]"
3206,"[0, 1, 3]"
3207,"[0, 1, 2, 3, 4, 5]"
3208,"[0, 1, 3]"
3211,"[0, 1, 2, 3, 4, 6]"
3212,"[0, 2, 4, 6]"
3213,"[0, 1, 2, 3, 4]"
3214,"[0, 2, 4]"
3215,"[0, 2, 3, 4]"
3242,"[0, 1, 2, 3]"
3245,"[0, 1, 2, 3, 4, 5, 6]"
3250,"[0, 1, 2]"
3254,"[0, 1, 2, 3, 4]"
3266,"[0, 1, 2, 4, 5]"
3281,"[0, 1, 2, 3, 4, 5, 6]"
3282,"[0, 1, 2, 3, 5]"
3307,"[0, 1, 2]"
3308,"[0, 1, 2]"
3309,"[0, 1, 2]"
3321,"[0, 1, 2, 3, 4]"
3334,"[0, 1, 2, 5]"
3335,"[0, 1, 2]"
3346,"[0, 1, 4, 6]"
3347,"[0, 1, 4, 5, 6]"
3349,"[0, 1, 2, 3, 4, 5, 6]"
3350,"[0, 1, 2, 6]"
3351,"[0, 1, 2, 3, 6]"
3352,"[0, 2, 3, 4, 5, 6]"
3353,"[0, 3, 4, 5, 6]"
3356,"[0, 1, 4]"
3357,"[0, 1, 3, 4, 5]"
3362,"[0, 1, 2]"
3413,"[0, 1, 2, 3, 4]"
3416,"[0, 1, 2, 4]"
3417,"[0, 1, 2, 3, 4]"
3423,"[0, 1, 2]"
3449,"[0, 1, 3]"
3450,"[0, 1, 2, 3, 4]"
3475,"[0, 1, 2, 4]"
3476,"[0, 2, 3, 4, 5]"
3477,"[0, 2, 4]"
3478,"[0, 4, 5]"
3479,"[0, 4, 5]"
3480,"[0, 1, 2, 3, 4]"
3482,"[0, 1, 2, 4]"
3484,"[0, 1, 2, 4, 5, 6]"
3489,"[0, 1, 2, 3]"
3506,"[0, 1, 2, 3, 4, 5]"
3516,"[0, 1, 2]"
3517,"[0, 1, 2, 3, 4]"
3534,"[0, 1, 2, 3, 4, 5, 6]"
3535,"[0, 1, 2, 3, 5]"
3536,"[0, 1, 2]"
3537,"[0, 1, 2]"
3538,"[0, 1, 2, 3, 4, 5]"
3539,"[0, 1, 3]"
3562,"[0, 1, 2, 4, 5, 6]"
3612,"[0, 1, 2, 3]"
3613,"[0, 1, 2, 3]"
3614,"[0, 1, 2]"
3615,"[0, 1, 2]"
3642,"[0, 1, 2, 4, 5, 6]"
3648,"[0, 1, 2, 3]"
3657,"[0, 1, 2, 3, 4]"
3664,"[0, 1, 2, 3]"
3686,"[0, 1, 2, 3, 4]"
3708,"[0, 1, 2, 3, 5, 6]"
3718,"[0, 1, 2, 3]"
3720,"[0, 1, 2]"
3722,"[0, 1, 2]"
3731,"[0, 1, 6]"
3732,"[0, 1, 6]"
3736,"[0, 1, 2]"
3737,"[0, 1, 2]"
3738,"[0, 1, 2]"
3739,"[0, 1, 2, 3]"
3740,"[0, 1, 2, 3]"
3741,"[0, 1, 2, 3, 4, 5]"
3742,"[0, 1, 3]"
3750,"[0, 1, 2, 3, 4, 5, 6]"
3751,"[0, 1, 2, 3, 5]"
3763,"[0, 1, 2, 3, 5]"
3765,"[0, 1, 2, 3]"
3778,"[0, 1, 2, 3]"
3779,"[0, 2]"
3780,"[0, 1, 2, 3]"
3781,"[0, 2]"
3782,"[0, 2, 3, 4]"
3783,"[0, 2, 3, 4]"
3784,"[0, 2, 3, 4]"
3785,"[0, 2, 3, 4, 5, 6]"
3786,"[0, 2, 5]"
3812,"[0, 1, 2, 3, 5]"
3838,"[0, 1, 2, 3]"
3849,"[0, 1, 2, 3]"
3850,"[0, 3]"
3851,"[0, 2, 3, 4]"
3852,"[0, 3, 4]"
3853,"[0, 1, 2, 3, 4]"
3879,"[0, 1, 2]"
3880,"[0, 1, 2, 3, 4]"
3881,"[0, 4]"
3882,"[0, 4]"
3883,"[0, 3, 4]"
3888,"[0, 1, 2, 3]"
3898,"[0, 1, 2, 3, 4, 5, 6]"
3902,"[0, 1, 2, 3]"
3904,"[0, 1, 2, 4]"
3909,"[0, 1, 2, 4]"
3927,"[0, 1, 2, 4]"
3952,"[0, 1, 2, 3]"
3955,"[0, 1, 2, 3]"
3964,"[0, 1, 2, 3, 4]"
4000,"[0, 1, 2, 3, 4, 5]"
4001,"[0, 1, 5]"
4002,"[0, 1, 2, 5]"
4003,"[0, 1, 2]"
4004,"[0, 1, 2, 3, 4]"
4007,"[0, 1, 2, 3, 4, 5]"
4015,"[0, 1, 2, 4]"
4017,"[0, 1, 2, 4]"
4018,"[0, 2, 4]"
4019,"[0, 2]"
4020,"[0, 2, 3]"
4021,"[0, 2, 3]"
4022,"[0, 1, 2, 3, 4, 5]"
4023,"[0, 1, 3]"
4030,"[0, 1, 2, 4, 5, 6]"
4031,"[0, 1, 2, 5]"
4032,"[0, 1, 2, 5]"
4037,"[0, 1, 2]"
4039,"[0, 1, 2, 3, 4]"
4040,"[0, 1, 2, 3, 4]"
4053,"[0, 1, 2]"
4054,"[0, 1, 2, 3, 4]"
4059,"[0, 1, 2, 3, 5]"
4072,"[0, 1, 2, 3]"
4075,"[0, 1, 2, 3]"
4088,"[0, 1, 2, 4]"
4093,"[0, 1, 2, 3, 5]"
4094,"[0, 1, 2, 5]"
4101,"[0, 1, 2, 5]"
4110,"[0, 1, 2, 3]"
4119,"[0, 1, 2, 3]"
4129,"[0, 1, 2, 3]"
4130,"[0, 2, 3, 4, 5, 6]"
4131,"[0, 2]"
4132,"[0, 1, 2]"
4133,"[0, 1, 2]"
4135,"[0, 1, 2, 4]"
4142,"[0, 1, 2, 3, 4, 5]"
4148,"[0, 1, 3, 6]"
4149,"[0, 1, 2, 3, 4, 6]"
4150,"[0, 1, 2, 3, 4]"
4200,"[0, 1, 2, 3]"
4201,"[0, 1, 3]"
4202,"[0, 1, 2, 3, 4]"
4203,"[0, 1, 3, 4, 5, 6]"
4204,"[0, 1, 2, 3, 6]"
4227,"[0, 1, 2, 3, 4]"
4235,"[0, 1, 2, 3, 4, 5]"
4236,"[0, 1, 3, 5]"
4237,"[0, 3, 5]"
4238,"[0, 3, 4, 5]"
4239,"[0, 3, 4, 5]"
4261,"[0, 1, 2, 4]"
4269,"[0, 1, 2, 4]"
4270,"[0, 2, 4]"
4271,"[0, 2, 4]"
4272,"[0, 1, 2, 4]"
4273,"[0, 1, 2]"
4290,"[0, 1, 2, 3, 4]"
4311,"[0, 1, 2, 3, 4, 5, 6]"
4316,"[0, 1, 4]"
4317,"[0, 1, 3, 4, 5]"
4344,"[0, 1, 2, 3, 4]"
4351,"[0, 1, 2, 3, 5]"
4352,"[0, 1, 2, 3]"
4373,"[0, 1, 2, 3]"
4409,"[0, 1, 2, 3, 5, 6]"
4411,"[0, 1, 2, 5, 6]"
4429,"[0, 1, 2, 3, 5, 6]"
4431,"[0, 1, 2]"
4432,"[0, 1, 2]"
4433,"[0, 1, 2, 3]"
4434,"[0, 2, 3, 4, 5]"
4435,"[0, 2, 5]"
4459,"[0, 1, 2, 3]"
4464,"[0, 1, 2, 3, 4, 6]"
4467,"[0, 1, 2, 4, 5, 6]"
4468,"[0, 1, 2, 6]"
4477,"[0, 1, 2, 3, 4, 6]"
4489,"[0, 1, 2]"
4491,"[0, 1, 2]"
4511,"[0, 1, 2, 3]"
4516,"[0, 1, 2, 3, 4]"
4524,"[0, 1, 2, 3, 4, 5, 6]"
4525,"[0, 1, 3, 4, 5]"
4526,"[0, 1, 2, 5]"
4527,"[0, 1, 2, 5]"
4528,"[0, 2, 3, 4, 5, 6]"
4530,"[0, 1, 2]"
4531,"[0, 1, 2, 3, 4]"
4547,"[0, 1, 2, 3, 4]"
4548,"[0, 1, 2, 3, 4, 5]"
4549,"[0, 2, 4, 5]"
4550,"[0, 2, 3, 4, 5]"
4551,"[0, 3, 4, 5]"
4552,"[0, 5]"
4590,"[0, 1, 2, 3]"
4592,"[0, 1, 2]"
4603,"[0, 1, 2, 3, 4]"
4614,"[0, 1, 2, 3]"
4634,"[0, 1, 2, 3, 4, 5]"
4643,"[0, 1, 2, 3, 6]"
4648,"[0, 1, 2, 3, 4]"
4656,"[0, 1, 2, 3]"
4678,"[0, 1, 2, 3, 5]"
4679,"[0, 1, 3, 5]"
4680,"[0, 3]"
4681,"[0, 3]"
4682,"[0, 2, 3]"
4689,"[0, 1, 2, 3, 5]"
4696,"[0, 1, 2, 3, 4]"
4700,"[0, 1, 2, 4]"
4701,"[0, 2, 4]"
4702,"[0, 2, 4, 5]"
4703,"[0, 4, 5]"
4704,"[0, 3, 4]"
4713,"[0, 1, 2, 3, 4]"
4715,"[0, 1, 2, 4]"
4720,"[0, 1, 2, 3, 4]"
4722,"[0, 1, 2, 4]"
4731,"[0, 1, 2, 3]"
4742,"[0, 1, 2, 3, 4]"
4747,"[0, 1, 4]"
4748,"[0, 1]"
4759,"[0, 1, 2, 4, 5, 6]"
4761,"[0, 1, 4, 6]"
4762,"[0, 1, 4]"
7,"[1, 4]"
15,"[1, 2, 3, 4, 5]"
16,"[1, 4, 5, 6]"
17,"[1, 5]"
18,"[1, 4, 5, 6]"
19,"[1, 4, 5, 6]"
20,"[1, 2, 4, 5, 6]"
21,"[1, 2, 3, 4, 5, 6]"
30,"[1, 2, 3, 4, 5]"
40,"[1, 2, 3, 5]"
41,"[1, 2, 3, 4, 5, 6]"
42,"[1, 2, 3, 4, 5]"
46,"[1, 2, 3, 4, 5]"
47,"[1, 2, 3, 4, 5, 6]"
53,"[1, 2, 3]"
55,"[1, 3, 4, 5, 6]"
56,"[1, 2, 3, 6]"
57,"[1, 2, 3, 6]"
60,"[1, 2, 3, 4, 5]"
61,"[1, 2, 4]"
67,"[1, 2, 3, 4]"
75,"[1, 2, 3, 4]"
79,"[1, 2]"
80,"[1, 2]"
81,[1]
82,[1]
83,"[1, 2]"
84,"[1, 2]"
96,"[1, 2, 3, 4, 5]"
98,"[1, 2, 3, 4]"
103,"[1, 2, 3, 4, 5]"
104,"[1, 4, 5, 6]"
105,"[1, 2, 3, 4, 5]"
106,"[1, 4]"
107,"[1, 4]"
108,"[1, 2]"
109,"[1, 2]"
112,"[1, 2, 3]"
115,"[1, 3, 5]"
124,"[1, 2, 3, 4]"
138,"[1, 2, 3, 4]"
145,"[1, 2, 3, 4]"
154,"[1, 2, 3, 4]"
163,"[1, 3]"
165,"[1, 3]"
170,"[1, 2, 3, 4, 5, 6]"
175,"[1, 3, 6]"
176,"[1, 2, 3, 4, 6]"
177,"[1, 3]"
178,"[1, 2, 3, 4]"
186,"[1, 2, 3, 4]"
187,"[1, 2, 3, 4]"
200,"[1, 2, 3, 4, 5]"
202,"[1, 5]"
208,"[1, 2, 3, 4]"
264,"[1, 2, 3, 5]"
270,"[1, 2, 4]"
271,"[1, 2, 4, 5]"
272,"[1, 4, 5]"
273,"[1, 2, 3, 4, 5]"
274,"[1, 4, 5, 6]"
276,"[1, 2, 4, 5, 6]"
282,"[1, 2, 3, 4]"
302,"[1, 2, 4]"
303,"[1, 2, 4]"
306,"[1, 2, 3, 4, 5]"
315,"[1, 2, 3, 4, 5]"
328,"[1, 2, 3, 4, 5]"
330,"[1, 5, 6]"
339,"[1, 3, 4, 5]"
340,"[1, 4]"
341,"[1, 4, 5, 6]"
342,"[1, 4, 5, 6]"
345,"[1, 2, 3, 5]"
354,"[1, 2, 3]"
355,"[1, 2]"
356,"[1, 2, 3, 4]"
357,"[1, 4]"
358,"[1, 4]"
361,"[1, 2, 3, 4, 5]"
362,"[1, 2, 3, 4, 5, 6]"
367,"[1, 2, 3, 4]"
368,"[1, 4, 5, 6]"
370,"[1, 2, 4, 6]"
371,"[1, 2, 3, 4]"
383,"[1, 2, 3, 4]"
384,"[1, 3]"
385,"[1, 2, 3, 4]"
386,"[1, 3, 4, 5, 6]"
387,"[1, 2, 3, 6]"
389,"[1, 2, 3, 4]"
407,"[1, 2, 3, 4, 6]"
408,"[1, 4, 6]"
409,"[1, 3, 4, 5, 6]"
410,"[1, 4, 6]"
411,"[1, 2, 3, 4]"
417,"[1, 2, 3, 5]"
430,"[1, 3, 4, 5]"
432,"[1, 5]"
433,"[1, 2, 3, 4, 5]"
434,[1]
435,[1]
436,[1]
439,"[1, 2, 3]"
442,"[1, 2, 4]"
443,"[1, 2, 4]"
452,"[1, 2, 3, 5]"
484,"[1, 2, 3, 4, 5, 6]"
488,"[1, 2, 3, 4, 5]"
492,"[1, 2, 3]"
494,"[1, 2, 3, 4, 5]"
497,"[1, 2, 3, 4, 5, 6]"
499,"[1, 2, 3, 4]"
508,"[1, 2, 3, 4, 5, 6]"
509,"[1, 3, 5, 6]"
510,"[1, 3]"
511,"[1, 2, 3, 4, 5]"
512,"[1, 2, 3, 4, 5]"
513,"[1, 4, 5]"
515,"[1, 5]"
528,"[1, 2, 3, 5]"
544,"[1, 2, 3]"
553,"[1, 2, 3]"
558,"[1, 2]"
559,"[1, 2]"
560,"[1, 2]"
561,"[1, 2]"
562,"[1, 2, 3, 4]"
581,"[1, 2, 3, 5]"
589,"[1, 2, 3, 6]"
590,"[1, 2, 6]"
591,"[1, 3, 4, 5, 6]"
592,"[1, 2, 3, 4, 6]"
593,"[1, 4, 6]"
596,"[1, 4, 5]"
603,"[1, 2, 3, 4]"
608,"[1, 2, 3, 4, 6]"
609,"[1, 6]"
611,"[1, 2, 3, 4]"
621,"[1, 2, 3, 4, 5, 6]"
622,"[1, 2, 3, 6]"
627,"[1, 2, 3, 5]"
643,"[1, 2]"
644,"[1, 2, 3]"
648,"[1, 2, 4]"
649,"[1, 2, 4]"
654,"[1, 2, 3, 4]"
659,"[1, 2, 4]"
660,"[1, 2, 4]"
663,"[1, 2, 3, 4]"
670,"[1, 2, 3, 4, 5]"
672,"[1, 2, 3, 4]"
689,"[1, 2, 3, 5]"
694,"[1, 2]"
695,"[1, 2]"
696,"[1, 2, 3, 4]"
708,"[1, 2, 3, 4, 5]"
709,"[1, 4, 5, 6]"
710,"[1, 5]"
711,"[1, 4, 5, 6]"
712,"[1, 4, 6]"
729,"[1, 4]"
731,"[1, 4, 5]"
735,"[1, 2]"
736,"[1, 2]"
748,"[1, 2, 3, 5]"
753,"[1, 2, 3, 4, 5]"
755,"[1, 4, 5]"
761,"[1, 2, 3, 4]"
763,"[1, 2, 3]"
781,"[1, 2, 3, 5]"
795,"[1, 2, 3, 4]"
809,"[1, 2, 3, 4, 5]"
820,"[1, 2, 3]"
831,"[1, 2, 3, 4]"
840,"[1, 2, 3, 4]"
841,"[1, 3]"
842,"[1, 2, 3, 4]"
843,"[1, 3]"
844,"[1, 2, 3, 4]"
856,"[1, 2, 3, 4]"
859,"[1, 2, 3, 4]"
873,"[1, 2, 3, 4, 5]"
874,"[1, 2, 3, 4]"
887,"[1, 2]"
888,"[1, 2]"
889,"[1, 2, 3, 4, 5]"
891,"[1, 6]"
892,"[1, 6]"
893,"[1, 5, 6]"
894,"[1, 5, 6]"
895,[1]
906,"[1, 3, 4, 5]"
907,"[1, 4]"
908,"[1, 2, 3, 4]"
909,"[1, 4]"
910,"[1, 2, 4]"
911,"[1, 2]"
923,"[1, 2, 3, 4]"
927,"[1, 2, 3]"
946,"[1, 2, 3, 5]"
947,"[1, 2, 3, 4, 5]"
948,"[1, 3, 4]"
949,"[1, 3, 4, 5, 6]"
950,"[1, 2]"
951,"[1, 2, 3]"
952,"[1, 2, 3, 4, 5]"
953,"[1, 5]"
954,"[1, 5]"
955,"[1, 5, 6]"
967,[1]
969,[1]
973,"[1, 2]"
974,"[1, 2]"
975,"[1, 2, 3, 4, 5]"
976,"[1, 3]"
977,"[1, 2, 3, 4]"
978,"[1, 3, 4, 5, 6]"
982,"[1, 2, 3]"
997,"[1, 2, 3, 5]"
1006,"[1, 2, 3]"
1012,"[1, 3]"
1014,"[1, 3]"
1021,"[1, 2, 3, 4]"
1022,"[1, 3]"
1023,"[1, 3]"
1024,"[1, 2, 3]"
1025,"[1, 2, 3]"
1049,"[1, 2, 3, 4]"
1050,"[1, 2, 4]"
1051,"[1, 2, 3, 4, 5]"
1057,"[1, 2, 3, 4, 5]"
1066,"[1, 2, 4]"
1067,"[1, 2, 4]"
1072,"[1, 2, 3, 4]"
1076,"[1, 2, 3, 4, 5]"
1077,"[1, 3]"
1078,"[1, 3]"
1079,"[1, 3, 4, 5, 6]"
1080,"[1, 2, 4, 5, 6]"
1081,"[1, 2, 3, 6]"
1082,"[1, 2, 6]"
1083,"[1, 2, 3]"
1084,"[1, 2, 3]"
1085,[1]
1088,"[1, 2, 3]"
1106,"[1, 2, 3, 4]"
1116,"[1, 2, 3]"
1119,"[1, 2, 4]"
1120,"[1, 2, 4]"
1125,"[1, 2, 3, 4]"
1126,[1]
1145,"[1, 2, 3, 4, 5]"
1147,"[1, 3, 4, 5, 6]"
1151,"[1, 2, 3, 4]"
1153,"[1, 4]"
1154,"[1, 2, 4]"
1155,"[1, 2, 4]"
1156,"[1, 4]"
1158,"[1, 3, 4, 5, 6]"
1159,"[1, 2, 3, 5]"
1173,"[1, 2, 3, 4]"
1174,"[1, 2, 3, 4]"
1176,"[1, 2, 4]"
1177,"[1, 2]"
1178,"[1, 2]"
1179,"[1, 2]"
1180,"[1, 2, 3]"
1189,"[1, 2, 3, 4]"
1213,"[1, 2, 3, 4, 5]"
1214,"[1, 2, 3, 4]"
1218,"[1, 2, 3, 4, 5]"
1222,"[1, 2, 3]"
1247,"[1, 2, 3, 4, 5]"
1262,"[1, 2, 3, 4, 5]"
1264,"[1, 4]"
1277,"[1, 2, 3, 4, 5]"
1284,"[1, 2, 3, 4, 5]"
1286,"[1, 2, 3, 4]"
1300,"[1, 2, 3]"
1305,"[1, 2, 3, 4]"
1306,"[1, 3, 4, 5]"
1308,"[1, 3, 5]"
1313,"[1, 2, 3, 4, 5]"
1324,"[1, 2]"
1325,"[1, 2]"
1326,"[1, 2, 3]"
1327,"[1, 2, 3]"
1328,"[1, 2, 3, 4]"
1329,"[1, 3]"
1330,"[1, 2, 3, 4]"
1331,"[1, 3, 4, 5, 6]"
1332,"[1, 6]"
1333,"[1, 2, 6]"
1334,"[1, 2]"
1339,"[1, 2, 5]"
1340,"[1, 2, 5]"
1345,"[1, 2, 4]"
1346,"[1, 2, 4]"
1361,"[1, 2, 3]"
1362,"[1, 2, 3, 4, 5]"
1368,"[1, 3]"
1369,"[1, 2, 3, 4]"
1370,"[1, 3, 4, 5, 6]"
1371,"[1, 6]"
1372,"[1, 2, 6]"
1373,"[1, 2]"
1374,"[1, 2, 3, 4]"
1382,"[1, 2, 3, 4]"
1384,"[1, 2, 3, 4]"
1389,"[1, 2, 3, 4, 5]"
1391,"[1, 5]"
1392,"[1, 5]"
1393,"[1, 3, 4, 5, 6]"
1394,"[1, 3, 6]"
1395,"[1, 2, 3, 4, 6]"
1400,"[1, 2, 3, 4]"
1441,"[1, 2, 3, 5]"
1455,"[1, 2, 3, 5]"
1463,"[1, 2, 3, 5]"
1468,"[1, 2, 3, 4, 5]"
1477,"[1, 2, 3, 4]"
1479,"[1, 2, 3]"
1480,"[1, 2, 3]"
1481,"[1, 2, 3]"
1482,"[1, 3, 4, 5, 6]"
1488,"[1, 2, 3, 4]"
1499,"[1, 2, 3, 4]"
1512,"[1, 2, 4]"
1513,"[1, 2, 4]"
1515,"[1, 2, 3, 4]"
1524,"[1, 2, 3]"
1540,"[1, 2, 3, 4, 5]"
1541,"[1, 2, 4, 5]"
1542,"[1, 3, 4, 5]"
1543,"[1, 5]"
1544,"[1, 5]"
1547,"[1, 2, 3, 4]"
1552,"[1, 2, 4]"
1553,"[1, 2, 4]"
1558,"[1, 2, 3, 4, 5]"
1560,"[1, 3, 6]"
1563,"[1, 2, 3, 4, 5, 6]"
1574,"[1, 2, 3, 5]"
1581,"[1, 2, 3]"
1589,"[1, 2, 3, 4]"
1597,"[1, 2, 3, 4, 5]"
1598,"[1, 2, 3, 4, 5, 6]"
1603,"[1, 2, 3, 4]"
1612,"[1, 2, 3, 4]"
1616,"[1, 2, 3, 4]"
1625,"[1, 2, 3]"
1630,"[1, 2, 3]"
1639,"[1, 2, 4]"
1640,"[1, 2, 4]"
1655,"[1, 2, 3, 6]"
1658,"[1, 5, 6]"
1660,"[1, 5, 6]"
1668,"[1, 2, 3, 4, 5]"
1678,"[1, 2, 3, 4, 5]"
1687,"[1, 2]"
1688,"[1, 2]"
1702,"[1, 2, 3, 4]"
1710,"[1, 2, 3, 4, 5, 6]"
1711,"[1, 2, 4, 6]"
1714,"[1, 2, 3, 4]"
1720,"[1, 2, 3, 4, 5]"
1721,"[1, 2, 3, 4, 5, 6]"
1722,"[1, 2, 3, 5]"
1733,"[1, 2]"
1734,"[1, 2]"
1735,"[1, 2, 3, 4]"
1736,[1]
1738,[1]
1756,"[1, 2, 3, 4]"
1771,"[1, 2, 3, 4]"
1777,"[1, 2, 3]"
1786,"[1, 2, 3, 4, 5]"
1824,"[1, 2, 3, 4, 5]"
1825,"[1, 2, 3, 4, 5, 6]"
1826,"[1, 2, 3, 5]"
1829,"[1, 2, 3, 4, 5, 6]"
1833,"[1, 2, 3]"
1839,[1]
1841,[1]
1842,"[1, 2, 3]"
1843,"[1, 2, 3]"
1844,"[1, 2, 3]"
1855,"[1, 2, 3, 4]"
1860,"[1, 2]"
1861,"[1, 2]"
1874,"[1, 2, 3, 4]"
1875,"[1, 3]"
1876,"[1, 3]"
1877,"[1, 2, 3]"
1878,"[1, 2, 3]"
1879,"[1, 2, 3, 4]"
1889,"[1, 2, 3, 4]"
1890,"[1, 3, 4, 5, 6]"
1892,"[1, 3, 6]"
1897,"[1, 2, 3, 4, 5]"
1898,"[1, 2, 4]"
1924,"[1, 2, 3, 4]"
1925,"[1, 3, 4, 5]"
1946,"[1, 2, 3, 4]"
1954,"[1, 2, 3, 4]"
1962,"[1, 4]"
1964,"[1, 4]"
1966,"[1, 2, 4]"
1967,"[1, 2, 4]"
1969,"[1, 4]"
1971,"[1, 4]"
1972,"[1, 2, 3]"
1991,"[1, 3, 4, 5]"
1992,"[1, 4]"
1993,"[1, 2, 3, 4]"
1994,"[1, 4]"
1997,"[1, 2, 3, 4, 5]"
2006,"[1, 2, 3, 4, 5]"
2008,"[1, 4, 6]"
2012,"[1, 2, 3, 4, 5]"
2014,"[1, 2, 3, 4, 5, 6]"
2015,"[1, 4]"
2016,"[1, 4]"
2017,"[1, 2, 3, 4, 5]"
2018,"[1, 4]"
2026,"[1, 2, 3, 4]"
2040,"[1, 2]"
2041,"[1, 2]"
2042,"[1, 2, 3, 4]"
2052,"[1, 2, 3, 5]"
2057,"[1, 2, 3, 4, 5]"
2058,"[1, 2, 4]"
2069,"[1, 2, 3, 4]"
2082,"[1, 2, 3, 4]"
2083,[1]
2085,"[1, 2, 3, 4]"
2090,"[1, 2, 3, 4]"
2091,[1]
2103,"[1, 2, 3, 4]"
2109,"[1, 2, 3, 5]"
2115,"[1, 2, 4, 5, 6]"
2116,"[1, 2, 5]"
2122,"[1, 2, 3, 4]"
2124,"[1, 2, 3]"
2126,"[1, 2, 3]"
2134,"[1, 3, 4, 5]"
2135,"[1, 4]"
2136,"[1, 3, 4, 5]"
2137,"[1, 5]"
2138,"[1, 2, 5]"
2139,"[1, 2]"
2140,"[1, 2, 3, 4]"
2149,"[1, 2, 3, 5]"
2154,"[1, 2, 3, 4, 5]"
2156,"[1, 3, 4]"
2163,"[1, 2]"
2170,[1]
2172,[1]
2191,"[1, 2, 3]"
2192,"[1, 3]"
2193,"[1, 3]"
2194,"[1, 2, 3]"
2195,"[1, 2, 3]"
2198,"[1, 2, 3, 5]"
2203,"[1, 2, 3, 4, 5]"
2215,"[1, 2]"
2216,"[1, 2]"
2219,"[1, 2, 3]"
2239,"[1, 2, 3, 4, 5]"
2241,"[1, 5]"
2242,"[1, 5]"
2243,"[1, 4, 5]"
2244,"[1, 4, 5]"
2245,[1]
2246,"[1, 2, 3, 4]"
2247,"[1, 3, 4, 5]"
2259,"[1, 2, 3, 4, 5]"
2260,"[1, 2, 3, 5]"
2261,"[1, 2, 3, 5]"
2263,"[1, 2, 3, 4, 5]"
2265,"[1, 3, 5]"
2282,"[1, 2, 3, 4, 5]"
2284,"[1, 4, 5]"
2285,"[1, 2, 3]"
2306,"[1, 2, 3, 4, 5, 6]"
2307,"[1, 2, 4, 5, 6]"
2308,"[1, 4, 5, 6]"
2309,"[1, 2, 3, 4, 5]"
2310,"[1, 5]"
2313,"[1, 2, 3, 4]"
2314,"[1, 2, 3, 4]"
2328,"[1, 2, 3, 4]"
2335,"[1, 2, 3, 4, 5]"
2336,"[1, 2, 3, 4, 5, 6]"
2351,"[1, 2, 3]"
2360,"[1, 2, 3, 4]"
2361,"[1, 4, 5, 6]"
2375,"[1, 2, 3, 4]"
2377,"[1, 2, 3, 6]"
2391,"[1, 2, 3, 5]"
2408,"[1, 2, 3, 4]"
2410,"[1, 2, 3, 4]"
2417,"[1, 2, 3, 5, 6]"
2427,"[1, 2, 3, 4, 5]"
2428,"[1, 2, 4]"
2434,"[1, 2, 3, 4, 5]"
2436,"[1, 2, 3, 4, 5]"
2440,"[1, 2, 3, 4]"
2441,"[1, 4, 5, 6]"
2448,"[1, 2, 3]"
2449,"[1, 2]"
2450,"[1, 2, 3, 4]"
2451,"[1, 4]"
2452,"[1, 4]"
2473,"[1, 2, 3, 4]"
2481,"[1, 2, 3, 4, 5]"
2483,"[1, 2, 3, 4, 5]"
2488,"[1, 2, 3, 4, 5]"
2491,"[1, 2, 3, 4, 5]"
2503,"[1, 2, 3, 4, 5]"
2505,"[1, 4, 5]"
2506,"[1, 2, 4, 5]"
2507,"[1, 2, 4]"
2514,"[1, 2, 4]"
2515,"[1, 2, 4]"
2518,"[1, 2, 3, 4]"
2528,"[1, 2, 3, 4, 5, 6]"
2529,"[1, 2, 4, 6]"
2533,"[1, 2, 3, 4, 5]"
2538,"[1, 5]"
2540,"[1, 4, 5]"
2541,"[1, 3, 4, 5]"
2542,"[1, 3, 4, 5]"
2543,"[1, 3, 4, 5]"
2544,"[1, 2, 3, 4, 5]"
2551,"[1, 4, 5, 6]"
2553,"[1, 2, 6]"
2563,"[1, 2]"
2564,"[1, 2]"
2565,"[1, 2]"
2566,"[1, 2]"
2578,"[1, 2, 3]"
2579,"[1, 2, 3, 4, 5]"
2580,"[1, 5]"
2581,"[1, 5]"
2582,[1]
2585,"[1, 2, 3, 4]"
2586,[1]
2588,[1]
2598,"[1, 2, 3, 4, 5]"
2606,"[1, 2, 3, 4]"
2608,"[1, 2, 3, 4, 5]"
2625,"[1, 2, 3, 6]"
2640,"[1, 2, 3, 4]"
2641,[1]
2643,"[1, 2, 3, 4]"
2644,"[1, 2, 4]"
2645,"[1, 2, 4]"
2646,"[1, 2, 3, 4]"
2647,"[1, 2, 3, 4]"
2649,"[1, 2, 3, 5]"
2661,"[1, 2, 3, 4]"
2662,"[1, 2, 4]"
2663,"[1, 2, 3, 4]"
2664,"[1, 4]"
2665,"[1, 4]"
2668,[1]
2677,"[1, 2, 3, 4]"
2678,"[1, 2, 4]"
2679,"[1, 2, 4]"
2680,"[1, 2, 3, 4]"
2690,"[1, 2, 4]"
2691,"[1, 2, 3, 4, 5]"
2700,"[1, 2, 3, 4, 5]"
2701,"[1, 4, 5, 6]"
2702,"[1, 2, 3, 4, 5]"
2703,"[1, 3, 4]"
2704,"[1, 3, 4]"
2741,"[1, 2, 4]"
2742,"[1, 2]"
2743,"[1, 2, 3, 4, 5]"
2745,"[1, 3, 4, 5]"
2749,"[1, 2, 3, 4]"
2767,"[1, 2, 3, 5]"
2768,"[1, 2, 3, 4, 5, 6]"
2769,"[1, 2, 3, 4, 5]"
2772,"[1, 2, 3, 4]"
2774,"[1, 2, 4, 5]"
2775,"[1, 2, 4, 5]"
2778,"[1, 2, 3, 4]"
2779,"[1, 3]"
2780,"[1, 2, 3, 4]"
2781,"[1, 3]"
2782,"[1, 2, 3, 4]"
2792,"[1, 2, 4]"
2793,"[1, 2, 3, 4, 5]"
2811,"[1, 2, 3, 4, 5]"
2820,"[1, 2, 3, 4, 5]"
2827,"[1, 2, 3, 6]"
2829,"[1, 2, 3, 6]"
2843,"[1, 2, 3]"
2844,"[1, 2]"
2845,"[1, 2, 3, 4]"
2846,"[1, 4]"
2847,"[1, 4]"
2851,"[1, 3]"
2852,"[1, 2, 3, 4]"
2853,"[1, 3]"
2854,"[1, 2, 3, 4]"
2866,"[1, 2, 3, 4]"
2875,"[1, 2, 3]"
2890,"[1, 2, 3, 4]"
2892,"[1, 2, 4, 5]"
2903,"[1, 2, 3, 4, 5]"
2905,"[1, 3, 5]"
2909,"[1, 2, 3, 4, 5]"
2920,"[1, 2, 3, 6]"
2932,"[1, 2, 3, 4, 5, 6]"
2949,"[1, 2, 3, 4]"
2955,"[1, 2, 3]"
2964,"[1, 2, 3, 5]"
2980,"[1, 2, 4]"
2981,"[1, 2, 4]"
2983,"[1, 2, 3, 4, 5]"
2989,"[1, 2, 3, 5]"
2996,"[1, 2, 3, 5]"
3015,"[1, 2, 3, 4, 5, 6]"
3016,"[1, 2, 4, 6]"
3028,"[1, 2, 3]"
3044,"[1, 2, 4]"
3045,"[1, 2, 4]"
3050,"[1, 2, 3, 4]"
3051,"[1, 3, 4, 5, 6]"
3053,"[1, 3, 6]"
3058,"[1, 2, 3]"
3065,"[1, 6]"
3067,"[1, 2, 3, 4, 6]"
3068,"[1, 2, 3, 4]"
3069,"[1, 2, 3, 4]"
3070,"[1, 2, 3, 4, 5]"
3071,"[1, 2, 3, 4, 5]"
3072,"[1, 2, 3, 5]"
3075,"[1, 4, 5]"
3077,"[1, 3, 5]"
3086,"[1, 2, 3, 4]"
3087,"[1, 2, 3, 4]"
3091,"[1, 3, 4, 5]"
3092,"[1, 4]"
3093,"[1, 4, 5, 6]"
3094,"[1, 4, 5, 6]"
3097,"[1, 2, 3, 5]"
3106,"[1, 2, 3]"
3107,"[1, 2]"
3108,"[1, 2, 3, 4]"
3109,"[1, 4]"
3110,"[1, 4]"
3113,"[1, 2, 3, 4, 5]"
3114,"[1, 2, 3, 4, 5, 6]"
3119,"[1, 2, 3, 4]"
3120,"[1, 4, 5, 6]"
3122,"[1, 2, 4, 6]"
3123,"[1, 2, 3, 4]"
3135,"[1, 2, 3, 4]"
3136,"[1, 3]"
3137,"[1, 2, 3, 4]"
3138,"[1, 3, 4, 5, 6]"
3139,"[1, 2, 3, 6]"
3141,"[1, 2, 3, 4]"
3159,"[1, 2, 3, 4, 6]"
3160,"[1, 4, 6]"
3161,"[1, 3, 4, 5, 6]"
3162,"[1, 4, 6]"
3163,"[1, 2, 3, 4]"
3169,"[1, 2, 3, 5]"
3182,"[1, 3, 4, 5]"
3184,"[1, 5]"
3185,"[1, 2, 3, 4, 5]"
3186,[1]
3187,[1]
3188,[1]
3191,"[1, 2, 3]"
3194,"[1, 2, 4]"
3195,"[1, 2, 4]"
3204,"[1, 2, 3, 5]"
3236,"[1, 2, 3, 4, 5, 6]"
3240,"[1, 2, 3, 4, 5]"
3244,"[1, 2, 3]"
3246,"[1, 2, 3, 4, 5]"
3249,"[1, 2, 3, 4, 5, 6]"
3251,"[1, 2, 3, 4]"
3260,"[1, 2, 3, 4, 5, 6]"
3261,"[1, 3, 5, 6]"
3262,"[1, 3]"
3263,"[1, 2, 3, 4, 5]"
3264,"[1, 2, 3, 4, 5]"
3265,"[1, 4, 5]"
3267,"[1, 5]"
3280,"[1, 2, 3, 5]"
3296,"[1, 2, 3]"
3305,"[1, 2, 3]"
3310,"[1, 2]"
3311,"[1, 2]"
3312,"[1, 2]"
3313,"[1, 2]"
3314,"[1, 2, 3, 4]"
3333,"[1, 2, 3, 5]"
3341,"[1, 2, 3, 6]"
3342,"[1, 2, 6]"
3343,"[1, 3, 4, 5, 6]"
3344,"[1, 2, 3, 4, 6]"
3345,"[1, 4, 6]"
3348,"[1, 4, 5]"
3355,"[1, 2, 3, 4]"
3360,"[1, 2, 3, 4, 6]"
3361,"[1, 6]"
3363,"[1, 2, 3, 4]"
3373,"[1, 2, 3, 4, 5, 6]"
3374,"[1, 2, 3, 6]"
3379,"[1, 2, 3, 5]"
3395,"[1, 2]"
3396,"[1, 2, 3]"
3400,"[1, 2, 4]"
3401,"[1, 2, 4]"
3406,"[1, 2, 3, 4]"
3411,"[1, 2, 4]"
3412,"[1, 2, 4]"
3415,"[1, 2, 3, 4]"
3422,"[1, 2, 3, 4, 5]"
3424,"[1, 2, 3, 4]"
3441,"[1, 2, 3, 5]"
3446,"[1, 2]"
3447,"[1, 2]"
3448,"[1, 2, 3, 4]"
3460,"[1, 2, 3, 4, 5]"
3461,"[1, 4, 5, 6]"
3462,"[1, 5]"
3463,"[1, 4, 5, 6]"
3464,"[1, 4, 6]"
3481,"[1, 4]"
3483,"[1, 4, 5]"
3487,"[1, 2]"
3488,"[1, 2]"
3500,"[1, 2, 3, 5]"
3505,"[1, 2, 3, 4, 5]"
3507,"[1, 4, 5]"
3513,"[1, 2, 3, 4]"
3515,"[1, 2, 3]"
3533,"[1, 2, 3, 5]"
3547,"[1, 2, 3, 4]"
3561,"[1, 2, 3, 4, 5]"
3572,"[1, 2, 3]"
3583,"[1, 2, 3, 4]"
3592,"[1, 2, 3, 4]"
3593,"[1, 3]"
3594,"[1, 2, 3, 4]"
3595,"[1, 3]"
3596,"[1, 2, 3, 4]"
3608,"[1, 2, 3, 4]"
3611,"[1, 2, 3, 4]"
3625,"[1, 2, 3, 4, 5]"
3626,"[1, 2, 3, 4]"
3639,"[1, 2]"
3640,"[1, 2]"
3641,"[1, 2, 3, 4, 5]"
3643,"[1, 6]"
3644,"[1, 6]"
3645,"[1, 5, 6]"
3646,"[1, 5, 6]"
3647,[1]
3658,"[1, 3, 4, 5]"
3659,"[1, 4]"
3660,"[1, 2, 3, 4]"
3661,"[1, 4]"
3662,"[1, 2, 4]"
3663,"[1, 2]"
3675,"[1, 2, 3, 4]"
3679,"[1, 2, 3]"
3698,"[1, 2, 3, 5]"
3699,"[1, 2, 3, 4, 5]"
3700,"[1, 3, 4]"
3701,"[1, 3, 4, 5, 6]"
3702,"[1, 2]"
3703,"[1, 2, 3]"
3704,"[1, 2, 3, 4, 5]"
3705,"[1, 5]"
3706,"[1, 5]"
3707,"[1, 5, 6]"
3719,[1]
3721,[1]
3725,"[1, 2]"
3726,"[1, 2]"
3727,"[1, 2, 3, 4, 5]"
3728,"[1, 3]"
3729,"[1, 2, 3, 4]"
3730,"[1, 3, 4, 5, 6]"
3734,"[1, 2, 3]"
3749,"[1, 2, 3, 5]"
3758,"[1, 2, 3]"
3764,"[1, 3]"
3766,"[1, 3]"
3773,"[1, 2, 3, 4]"
3774,"[1, 3]"
3775,"[1, 3]"
3776,"[1, 2, 3]"
3777,"[1, 2, 3]"
3801,"[1, 2, 3, 4]"
3802,"[1, 2, 4]"
3803,"[1, 2, 3, 4, 5]"
3809,"[1, 2, 3, 4, 5]"
3818,"[1, 2, 4]"
3819,"[1, 2, 4]"
3824,"[1, 2, 3, 4]"
3828,"[1, 2, 3, 4, 5]"
3829,"[1, 3]"
3830,"[1, 3]"
3831,"[1, 3, 4, 5, 6]"
3832,"[1, 2, 4, 5, 6]"
3833,"[1, 2, 3, 6]"
3834,"[1, 2, 6]"
3835,"[1, 2, 3]"
3836,"[1, 2, 3]"
3837,[1]
3840,"[1, 2, 3]"
3858,"[1, 2, 3, 4]"
3868,"[1, 2, 3]"
3871,"[1, 2, 4]"
3872,"[1, 2, 4]"
3877,"[1, 2, 3, 4]"
3878,[1]
3897,"[1, 2, 3, 4, 5]"
3899,"[1, 3, 4, 5, 6]"
3903,"[1, 2, 3, 4]"
3905,"[1, 4]"
3906,"[1, 2, 4]"
3907,"[1, 2, 4]"
3908,"[1, 4]"
3910,"[1, 3, 4, 5, 6]"
3911,"[1, 2, 3, 5]"
3925,"[1, 2, 3, 4]"
3926,"[1, 2, 3, 4]"
3928,"[1, 2, 4]"
3929,"[1, 2]"
3930,"[1, 2]"
3931,"[1, 2]"
3932,"[1, 2, 3]"
3941,"[1, 2, 3, 4]"
3965,"[1, 2, 3, 4, 5]"
3966,"[1, 2, 3, 4]"
3970,"[1, 2, 3, 4, 5]"
3974,"[1, 2, 3]"
3999,"[1, 2, 3, 4, 5]"
4014,"[1, 2, 3, 4, 5]"
4016,"[1, 4]"
4029,"[1, 2, 3, 4, 5]"
4036,"[1, 2, 3, 4, 5]"
4038,"[1, 2, 3, 4]"
4052,"[1, 2, 3]"
4057,"[1, 2, 3, 4]"
4058,"[1, 3, 4, 5]"
4060,"[1, 3, 5]"
4065,"[1, 2, 3, 4, 5]"
4076,"[1, 2]"
4077,"[1, 2]"
4078,"[1, 2, 3]"
4079,"[1, 2, 3]"
4080,"[1, 2, 3, 4]"
4081,"[1, 3]"
4082,"[1, 2, 3, 4]"
4083,"[1, 3, 4, 5, 6]"
4084,"[1, 6]"
4085,"[1, 2, 6]"
4086,"[1, 2]"
4091,"[1, 2, 5]"
4092,"[1, 2, 5]"
4097,"[1, 2, 4]"
4098,"[1, 2, 4]"
4113,"[1, 2, 3]"
4114,"[1, 2, 3, 4, 5]"
4120,"[1, 3]"
4121,"[1, 2, 3, 4]"
4122,"[1, 3, 4, 5, 6]"
4123,"[1, 6]"
4124,"[1, 2, 6]"
4125,"[1, 2]"
4126,"[1, 2, 3, 4]"
4134,"[1, 2, 3, 4]"
4136,"[1, 2, 3, 4]"
4141,"[1, 2, 3, 4, 5]"
4143,"[1, 5]"
4144,"[1, 5]"
4145,"[1, 3, 4, 5, 6]"
4146,"[1, 3, 6]"
4147,"[1, 2, 3, 4, 6]"
4152,"[1, 2, 3, 4]"
4193,"[1, 2, 3, 5]"
4207,"[1, 2, 3, 5]"
4215,"[1, 2, 3, 5]"
4220,"[1, 2, 3, 4, 5]"
4229,"[1, 2, 3, 4]"
4231,"[1, 2, 3]"
4232,"[1, 2, 3]"
4233,"[1, 2, 3]"
4234,"[1, 3, 4, 5, 6]"
4240,"[1, 2, 3, 4]"
4251,"[1, 2, 3, 4]"
4264,"[1, 2, 4]"
4265,"[1, 2, 4]"
4267,"[1, 2, 3, 4]"
4276,"[1, 2, 3]"
4292,"[1, 2, 3, 4, 5]"
4293,"[1, 2, 4, 5]"
4294,"[1, 3, 4, 5]"
4295,"[1, 5]"
4296,"[1, 5]"
4299,"[1, 2, 3, 4]"
4304,"[1, 2, 4]"
4305,"[1, 2, 4]"
4310,"[1, 2, 3, 4, 5]"
4312,"[1, 3, 6]"
4315,"[1, 2, 3, 4, 5, 6]"
4326,"[1, 2, 3, 5]"
4333,"[1, 2, 3]"
4341,"[1, 2, 3, 4]"
4349,"[1, 2, 3, 4, 5]"
4350,"[1, 2, 3, 4, 5, 6]"
4355,"[1, 2, 3, 4]"
4364,"[1, 2, 3, 4]"
4368,"[1, 2, 3, 4]"
4377,"[1, 2, 3]"
4382,"[1, 2, 3]"
4391,"[1, 2, 4]"
4392,"[1, 2, 4]"
4407,"[1, 2, 3, 6]"
4410,"[1, 5, 6]"
4412,"[1, 5, 6]"
4420,"[1, 2, 3, 4, 5]"
4430,"[1, 2, 3, 4, 5]"
4439,"[1, 2]"
4440,"[1, 2]"
4454,"[1, 2, 3, 4]"
4462,"[1, 2, 3, 4, 5, 6]"
4463,"[1, 2, 4, 6]"
4466,"[1, 2, 3, 4]"
4472,"[1, 2, 3, 4, 5]"
4473,"[1, 2, 3, 4, 5, 6]"
4474,"[1, 2, 3, 5]"
4485,"[1, 2]"
4486,"[1, 2]"
4487,"[1, 2, 3, 4]"
4488,[1]
4490,[1]
4508,"[1, 2, 3, 4]"
4523,"[1, 2, 3, 4]"
4529,"[1, 2, 3]"
4538,"[1, 2, 3, 4, 5]"
4576,"[1, 2, 3, 4, 5]"
4577,"[1, 2, 3, 4, 5, 6]"
4578,"[1, 2, 3, 5]"
4581,"[1, 2, 3, 4, 5, 6]"
4585,"[1, 2, 3]"
4591,[1]
4593,[1]
4594,"[1, 2, 3]"
4595,"[1, 2, 3]"
4596,"[1, 2, 3]"
4607,"[1, 2, 3, 4]"
4612,"[1, 2]"
4613,"[1, 2]"
4626,"[1, 2, 3, 4]"
4627,"[1, 3]"
4628,"[1, 3]"
4629,"[1, 2, 3]"
4630,"[1, 2, 3]"
4631,"[1, 2, 3, 4]"
4641,"[1, 2, 3, 4]"
4642,"[1, 3, 4, 5, 6]"
4644,"[1, 3, 6]"
4649,"[1, 2, 3, 4, 5]"
4650,"[1, 2, 4]"
4676,"[1, 2, 3, 4]"
4677,"[1, 3, 4, 5]"
4698,"[1, 2, 3, 4]"
4706,"[1, 2, 3, 4]"
4714,"[1, 4]"
4716,"[1, 4]"
4718,"[1, 2, 4]"
4719,"[1, 2, 4]"
4721,"[1, 4]"
4723,"[1, 4]"
4724,"[1, 2, 3]"
4743,"[1, 3, 4, 5]"
4744,"[1, 4]"
4745,"[1, 2, 3, 4]"
4746,"[1, 4]"
4749,"[1, 2, 3, 4, 5]"
4758,"[1, 2, 3, 4, 5]"
4760,"[1, 4, 6]"
3,"[2, 3, 4]"
5,"[2, 3, 4]"
39,"[2, 3, 4, 5]"
48,"[2, 3, 5]"
49,"[2, 3]"
50,[2]
51,[2]
52,"[2, 3]"
62,"[2, 3, 4]"
63,"[2, 4]"
64,"[2, 4]"
65,[2]
66,[2]
77,"[2, 3, 4]"
87,"[2, 3, 4]"
89,"[2, 3, 4]"
90,"[2, 4]"
91,"[2, 4]"
92,[2]
93,[2]
94,"[2, 3]"
95,"[2, 3]"
99,"[2, 4]"
100,"[2, 4]"
101,"[2, 4, 5]"
102,"[2, 4, 5]"
110,"[2, 3, 4, 5]"
111,[2]
121,"[2, 3, 4]"
125,"[2, 3]"
126,"[2, 3]"
127,[2]
128,[2]
129,"[2, 3]"
130,"[2, 3]"
136,"[2, 3, 4]"
137,"[2, 3, 4]"
140,"[2, 3, 4]"
142,"[2, 3, 4]"
143,"[2, 3, 4]"
144,"[2, 3, 4]"
148,"[2, 3, 4]"
149,"[2, 3, 4, 5, 6]"
156,"[2, 3, 4]"
167,"[2, 3]"
168,"[2, 3]"
169,"[2, 3, 4, 5, 6]"
171,"[2, 6]"
172,"[2, 3, 6]"
173,"[2, 3, 6]"
179,"[2, 3, 4]"
180,"[2, 3, 4]"
181,"[2, 3, 4, 5]"
183,"[2, 3, 4]"
185,"[2, 3, 4]"
190,"[2, 3, 4, 5]"
193,"[2, 3, 4, 5]"
194,"[2, 4]"
195,"[2, 4]"
196,[2]
197,[2]
198,"[2, 3]"
199,"[2, 3]"
204,"[2, 5]"
205,[2]
206,"[2, 3]"
207,"[2, 3]"
212,"[2, 3, 4]"
213,"[2, 4]"
214,"[2, 4]"
215,[2]
216,[2]
217,"[2, 3]"
218,"[2, 3]"
219,"[2, 3, 4, 5]"
222,"[2, 3, 4, 5]"
223,"[2, 4, 5]"
224,"[2, 4, 5]"
225,"[2, 5]"
226,"[2, 5]"
227,"[2, 3]"
228,"[2, 3]"
229,"[2, 3, 4, 5]"
231,"[2, 3, 4]"
233,[2]
234,[2]
235,"[2, 3]"
236,"[2, 3]"
237,"[2, 3, 4, 5]"
238,"[2, 4]"
239,"[2, 3, 4, 5]"
240,"[2, 4]"
241,"[2, 3, 4, 5]"
242,"[2, 3, 5]"
243,"[2, 3, 5]"
246,"[2, 3, 4]"
248,"[2, 3, 4, 5]"
249,"[2, 3]"
252,"[2, 3, 4, 5]"
254,"[2, 3, 4]"
256,"[2, 3, 4]"
261,"[2, 3]"
262,"[2, 3]"
267,"[2, 3, 4, 5, 6]"
268,"[2, 4]"
277,[2]
278,[2]
279,[2]
280,"[2, 3]"
281,"[2, 3]"
284,"[2, 3, 4]"
286,"[2, 3, 4]"
287,"[2, 4]"
288,"[2, 4]"
289,[2]
290,[2]
299,"[2, 3, 4]"
301,"[2, 3, 4]"
304,"[2, 3, 4, 5]"
305,"[2, 4, 5]"
307,[2]
309,[2]
310,[2]
311,[2]
312,[2]
313,[2]
314,[2]
321,"[2, 3, 4]"
323,"[2, 3, 4]"
324,"[2, 4]"
325,"[2, 4]"
326,"[2, 4, 5]"
327,"[2, 4, 5]"
332,[2]
333,[2]
334,[2]
335,[2]
336,[2]
337,[2]
344,"[2, 3, 4, 5]"
346,"[2, 3, 4, 5, 6]"
347,"[2, 3, 5]"
348,[2]
349,[2]
350,"[2, 3]"
351,"[2, 3]"
352,"[2, 3, 4, 5]"
353,[2]
365,[2]
366,[2]
372,"[2, 4]"
376,"[2, 3, 4]"
377,"[2, 3, 4]"
378,"[2, 3, 4]"
388,"[2, 3, 6]"
391,"[2, 3, 4]"
397,[2]
398,[2]
399,"[2, 3]"
400,"[2, 3]"
401,"[2, 3, 4, 5]"
403,"[2, 3, 4]"
405,"[2, 3, 6]"
406,"[2, 3, 6]"
416,"[2, 3, 4, 5]"
420,"[2, 3]"
421,"[2, 3]"
424,"[2, 3, 4]"
426,"[2, 3, 4]"
427,"[2, 3, 4]"
428,"[2, 3, 4]"
440,[2]
441,"[2, 3, 4]"
450,"[2, 3, 4, 5]"
457,"[2, 3, 4]"
464,"[2, 4]"
465,"[2, 4]"
466,[2]
467,[2]
468,"[2, 3]"
469,"[2, 3]"
472,"[2, 3, 4]"
479,"[2, 3]"
480,"[2, 3]"
481,"[2, 3, 4, 5]"
487,"[2, 3, 4, 5, 6]"
489,"[2, 3, 4, 5]"
491,"[2, 3]"
495,"[2, 3, 4, 5]"
496,"[2, 3, 4, 5]"
500,"[2, 3, 4]"
501,"[2, 3, 4]"
518,"[2, 3, 4, 5]"
520,"[2, 3, 4]"
521,"[2, 3, 4, 5, 6]"
522,"[2, 6]"
523,"[2, 6]"
524,[2]
525,"[2, 3]"
526,"[2, 3]"
527,"[2, 3, 4, 5]"
531,[2]
532,[2]
533,"[2, 3]"
534,"[2, 3]"
537,"[2, 3, 4]"
543,"[2, 3, 4, 5, 6]"
545,[2]
546,"[2, 3, 4]"
547,"[2, 4]"
548,"[2, 4]"
549,"[2, 3, 4]"
550,"[2, 3, 4]"
551,"[2, 3, 4, 5]"
552,[2]
554,[2]
572,"[2, 3, 4]"
573,"[2, 4]"
574,"[2, 4]"
575,[2]
576,[2]
577,"[2, 3]"
578,"[2, 3]"
579,"[2, 3, 4, 5]"
580,"[2, 3, 4, 5]"
584,[2]
585,[2]
586,[2]
587,"[2, 3, 4, 5]"
588,"[2, 4, 5, 6]"
612,"[2, 3, 4]"
613,"[2, 3, 4]"
618,"[2, 3, 4, 5]"
620,"[2, 3, 4]"
626,"[2, 3, 4, 5]"
628,"[2, 3, 4, 5, 6]"
629,"[2, 3, 5]"
630,[2]
631,[2]
632,"[2, 3]"
633,"[2, 3]"
636,"[2, 3, 4]"
638,"[2, 3, 4]"
639,"[2, 4]"
640,"[2, 4]"
641,"[2, 3, 4, 5, 6]"
642,[2]
645,"[2, 3, 4]"
647,"[2, 3, 4]"
656,"[2, 3, 4]"
658,"[2, 3, 4]"
662,"[2, 4]"
666,"[2, 4]"
667,"[2, 4]"
668,[2]
669,[2]
673,"[2, 4]"
674,"[2, 4]"
675,[2]
676,[2]
677,"[2, 3]"
678,"[2, 3]"
681,"[2, 3, 4]"
682,"[2, 3]"
683,"[2, 3, 4, 5]"
684,"[2, 5]"
685,"[2, 5]"
690,"[2, 3, 4, 5, 6]"
691,"[2, 3, 5]"
692,[2]
693,[2]
700,"[2, 3, 4]"
701,"[2, 4]"
702,"[2, 4]"
703,[2]
704,[2]
705,"[2, 3]"
706,"[2, 3]"
722,"[2, 3, 4, 5]"
733,"[2, 5]"
734,[2]
738,"[2, 3, 4]"
739,"[2, 4]"
740,"[2, 4]"
741,"[2, 4]"
742,"[2, 4]"
747,"[2, 3, 4, 5]"
762,[2]
772,"[2, 3, 4, 5]"
775,"[2, 3, 4, 5]"
788,"[2, 3, 4]"
789,"[2, 3]"
790,"[2, 3, 4, 5]"
791,"[2, 5]"
792,"[2, 5]"
799,"[2, 3, 4, 5, 6]"
804,"[2, 3, 4]"
811,"[2, 5]"
812,[2]
813,[2]
814,[2]
815,[2]
816,[2]
817,"[2, 3]"
818,"[2, 3]"
819,"[2, 3, 4, 5, 6]"
821,[2]
822,"[2, 3, 4]"
833,"[2, 3, 4]"
835,"[2, 3, 4]"
845,"[2, 3, 4]"
846,"[2, 3, 4]"
849,"[2, 3, 4, 5]"
864,"[2, 3, 4, 5]"
866,"[2, 3, 4]"
868,"[2, 3, 4]"
869,"[2, 4]"
870,"[2, 4]"
871,"[2, 3, 4, 5, 6]"
872,"[2, 4]"
878,"[2, 3, 4, 5]"
882,"[2, 3, 4]"
883,"[2, 4]"
884,"[2, 4]"
885,[2]
886,[2]
898,"[2, 3, 4]"
900,"[2, 3, 4]"
914,"[2, 3, 4]"
916,"[2, 3, 4]"
917,"[2, 4]"
918,"[2, 4]"
919,[2]
920,[2]
921,"[2, 3]"
922,"[2, 3]"
925,"[2, 3, 4]"
928,"[2, 3]"
929,"[2, 3]"
930,[2]
931,[2]
932,"[2, 3]"
933,"[2, 3]"
944,"[2, 3, 4, 5]"
945,"[2, 3, 4, 5]"
959,"[2, 3, 4, 5]"
964,"[2, 3]"
965,"[2, 3]"
971,[2]
972,[2]
981,"[2, 3, 4, 5, 6]"
983,[2]
991,"[2, 3, 4]"
996,"[2, 3, 4, 5]"
1000,[2]
1001,[2]
1002,"[2, 3, 4, 5]"
1004,"[2, 3, 4, 5, 6]"
1007,"[2, 3]"
1008,"[2, 3]"
1009,"[2, 3, 4, 5]"
1010,"[2, 5]"
1016,"[2, 3]"
1017,"[2, 3]"
1035,"[2, 4, 5, 6]"
1036,"[2, 5]"
1038,"[2, 3, 5]"
1039,"[2, 3, 5]"
1042,"[2, 3, 4]"
1044,"[2, 3, 4]"
1054,"[2, 3, 4, 5, 6]"
1063,"[2, 3, 4]"
1065,"[2, 3, 4]"
1074,"[2, 3, 4]"
1087,[2]
1089,[2]
1090,"[2, 3, 4]"
1091,"[2, 4]"
1092,"[2, 4]"
1093,[2]
1094,[2]
1095,"[2, 3]"
1096,"[2, 3]"
1115,"[2, 3, 4, 5, 6]"
1117,[2]
1118,"[2, 3, 4]"
1135,"[2, 3, 4]"
1137,[2]
1138,[2]
1139,[2]
1140,[2]
1141,[2]
1142,[2]
1143,"[2, 3]"
1144,"[2, 3]"
1164,"[2, 3, 4, 5]"
1166,"[2, 3, 4, 5, 6]"
1168,"[2, 3, 4]"
1169,"[2, 4]"
1170,"[2, 4]"
1171,[2]
1172,[2]
1181,"[2, 3]"
1182,"[2, 3, 4, 5]"
1184,"[2, 3, 4]"
1186,"[2, 3, 4]"
1187,"[2, 3, 4]"
1188,"[2, 3, 4]"
1191,"[2, 3, 4]"
1193,"[2, 3, 4]"
1198,"[2, 3]"
1199,"[2, 3]"
1202,"[2, 3, 4]"
1204,[2]
1205,[2]
1206,[2]
1207,[2]
1208,[2]
1209,[2]
1210,"[2, 3]"
1211,"[2, 3]"
1220,"[2, 3, 4, 5, 6]"
1227,"[2, 3, 4]"
1229,"[2, 3, 4]"
1230,"[2, 3, 4]"
1231,"[2, 3, 4]"
1236,"[2, 3, 4, 5]"
1238,"[2, 3, 4]"
1240,"[2, 3, 4]"
1245,"[2, 3]"
1246,"[2, 3]"
1254,"[2, 3, 4]"
1256,"[2, 4, 5]"
1257,[2]
1258,[2]
1259,[2]
1260,[2]
1261,[2]
1272,"[2, 3, 4]"
1274,"[2, 3, 4]"
1289,"[2, 4]"
1290,"[2, 4]"
1291,"[2, 4]"
1292,"[2, 4]"
1293,"[2, 3, 4, 5]"
1298,"[2, 3, 4, 5, 6]"
1299,"[2, 6]"
1311,"[2, 3]"
1312,"[2, 3]"
1315,"[2, 3, 4, 5]"
1316,"[2, 4]"
1317,"[2, 4]"
1318,"[2, 3, 4]"
1319,"[2, 3, 4]"
1322,"[2, 3, 4]"
1335,"[2, 3, 4, 5]"
1337,"[2, 3, 4, 5]"
1338,"[2, 4, 5]"
1343,"[2, 4, 5, 6]"
1344,"[2, 4, 5]"
1348,"[2, 3, 4, 5]"
1350,"[2, 4, 5, 6]"
1351,"[2, 5]"
1352,[2]
1353,[2]
1354,[2]
1355,[2]
1356,"[2, 3]"
1357,"[2, 3]"
1360,"[2, 3, 4]"
1376,"[2, 3, 4]"
1385,"[2, 3, 4]"
1399,"[2, 4]"
1401,"[2, 4]"
1406,"[2, 3, 4]"
1411,"[2, 3, 4, 5]"
1413,"[2, 3, 4]"
1420,"[2, 3]"
1421,"[2, 3]"
1422,"[2, 3, 4, 5]"
1424,"[2, 3, 4]"
1425,"[2, 3]"
1426,"[2, 3, 4, 5]"
1427,"[2, 5]"
1428,"[2, 5]"
1429,"[2, 3]"
1430,"[2, 3]"
1431,"[2, 3, 4, 5]"
1433,"[2, 3, 4]"
1435,"[2, 3, 4]"
1440,"[2, 3, 4, 5]"
1442,"[2, 3, 4, 5, 6]"
1443,"[2, 3, 5]"
1444,[2]
1445,[2]
1446,"[2, 3]"
1447,"[2, 3]"
1453,"[2, 3, 6]"
1454,"[2, 3, 4, 5]"
1456,"[2, 3, 4, 5, 6]"
1457,"[2, 3, 5]"
1458,[2]
1459,[2]
1460,"[2, 3]"
1461,"[2, 3]"
1462,"[2, 3, 4, 5]"
1466,"[2, 3, 5]"
1467,"[2, 3, 5]"
1470,"[2, 3, 4]"
1472,"[2, 3, 4]"
1473,"[2, 3, 4]"
1474,"[2, 3, 4]"
1476,"[2, 4]"
1478,"[2, 4]"
1490,"[2, 3, 4]"
1492,"[2, 3, 4]"
1493,"[2, 3, 4]"
1494,"[2, 3, 4]"
1501,"[2, 3, 4]"
1503,"[2, 3, 4]"
1508,"[2, 3, 4, 5]"
1510,"[2, 3, 4, 5]"
1511,"[2, 4]"
1514,"[2, 4]"
1516,"[2, 3, 4, 5, 6]"
1522,"[2, 3, 4, 5]"
1523,[2]
1525,[2]
1526,"[2, 3, 4]"
1527,"[2, 3, 4]"
1528,"[2, 3, 4]"
1535,"[2, 3, 4]"
1537,"[2, 3, 4]"
1539,"[2, 4]"
1549,"[2, 3, 4]"
1551,"[2, 3, 4]"
1567,"[2, 3, 4]"
1568,"[2, 4]"
1569,"[2, 4]"
1570,[2]
1571,[2]
1572,"[2, 3, 4, 5]"
1573,"[2, 3, 4, 5]"
1575,"[2, 3, 4, 5]"
1576,"[2, 3, 4]"
1577,"[2, 3, 4, 5, 6]"
1578,"[2, 3, 4, 5]"
1579,"[2, 5]"
1580,"[2, 5]"
1582,[2]
1583,[2]
1584,[2]
1585,[2]
1586,[2]
1587,"[2, 3]"
1588,"[2, 3]"
1591,"[2, 3, 4]"
1593,"[2, 4]"
1594,"[2, 4]"
1595,"[2, 3, 4]"
1596,"[2, 3]"
1601,[2]
1602,[2]
1605,"[2, 3, 4]"
1606,"[2, 3, 4, 5, 6]"
1607,"[2, 4, 6]"
1608,"[2, 4, 6]"
1609,"[2, 4]"
1610,"[2, 3, 4]"
1611,"[2, 3]"
1614,"[2, 3, 4]"
1619,"[2, 3, 4, 5]"
1620,"[2, 3, 4, 5]"
1623,"[2, 3, 4]"
1628,"[2, 3, 4, 5]"
1629,[2]
1631,"[2, 3, 4, 5]"
1632,"[2, 3, 4, 5]"
1633,"[2, 3, 4, 5]"
1634,"[2, 3, 4, 5, 6]"
1635,"[2, 3]"
1636,"[2, 3, 4]"
1638,"[2, 3, 4]"
1645,"[2, 3, 4, 5]"
1647,"[2, 3, 4]"
1649,"[2, 3, 4]"
1650,"[2, 4]"
1651,"[2, 4]"
1652,"[2, 3, 4]"
1653,"[2, 3, 4]"
1654,"[2, 3, 4, 5, 6]"
1656,"[2, 3, 4, 5, 6]"
1670,"[2, 3, 4, 5]"
1671,"[2, 4]"
1672,"[2, 4]"
1673,"[2, 4, 5, 6]"
1674,"[2, 6]"
1675,"[2, 3, 6]"
1676,"[2, 3, 5, 6]"
1684,"[2, 5]"
1685,[2]
1686,[2]
1689,"[2, 3, 4, 5]"
1691,"[2, 3, 4]"
1693,"[2, 3, 4]"
1694,"[2, 4]"
1695,"[2, 4]"
1696,"[2, 4, 5]"
1697,"[2, 4, 5]"
1698,"[2, 3, 4, 5]"
1700,"[2, 3, 4]"
1705,"[2, 3]"
1706,"[2, 3]"
1709,"[2, 3, 4]"
1713,"[2, 4]"
1717,"[2, 6]"
1718,[2]
1719,[2]
1728,"[2, 3, 4]"
1729,"[2, 4]"
1730,"[2, 4]"
1731,[2]
1732,[2]
1740,[2]
1741,[2]
1742,[2]
1743,[2]
1744,[2]
1745,[2]
1746,"[2, 3]"
1747,"[2, 3]"
1748,"[2, 3, 4, 5]"
1751,"[2, 3, 4, 5, 6]"
1752,"[2, 4, 6]"
1753,"[2, 4, 6]"
1754,"[2, 3, 4, 6]"
1755,"[2, 3, 4]"
1758,"[2, 3, 4]"
1760,[2]
1761,[2]
1762,"[2, 3]"
1763,"[2, 3]"
1767,"[2, 3, 4]"
1768,"[2, 4]"
1769,"[2, 4]"
1770,"[2, 3, 4]"
1788,"[2, 3, 4, 5]"
1789,"[2, 4]"
1790,"[2, 4]"
1791,[2]
1792,[2]
1793,"[2, 3]"
1794,"[2, 3]"
1801,"[2, 3, 4, 5]"
1803,"[2, 3, 4]"
1811,"[2, 3, 4, 5]"
1813,"[2, 3, 4]"
1815,"[2, 3, 4]"
1831,"[2, 3, 4, 5]"
1836,"[2, 3]"
1837,"[2, 3]"
1845,"[2, 3, 4, 5]"
1847,"[2, 3, 4]"
1849,"[2, 3, 4, 6]"
1850,"[2, 3, 4, 6]"
1856,"[2, 3]"
1857,"[2, 3]"
1858,[2]
1859,[2]
1864,"[2, 3, 4]"
1865,"[2, 3]"
1866,"[2, 3, 4, 5]"
1867,"[2, 5]"
1868,"[2, 5]"
1869,"[2, 3]"
1870,"[2, 3]"
1871,"[2, 3, 4, 5]"
1881,"[2, 3, 4]"
1883,"[2, 4, 5]"
1884,[2]
1885,[2]
1886,[2]
1887,[2]
1888,[2]
1894,"[2, 3]"
1895,"[2, 3]"
1899,"[2, 3, 4]"
1906,"[2, 3, 4]"
1908,"[2, 3, 4]"
1915,"[2, 3, 4]"
1917,"[2, 3, 4]"
1918,"[2, 4]"
1919,"[2, 4]"
1920,[2]
1921,[2]
1922,"[2, 3]"
1923,"[2, 3]"
1931,"[2, 3]"
1932,"[2, 3, 4, 5]"
1934,"[2, 3, 4]"
1941,"[2, 3, 4]"
1943,"[2, 3, 4]"
1945,"[2, 4]"
1947,"[2, 4]"
1956,"[2, 3, 4]"
1958,"[2, 3, 4]"
1959,"[2, 3, 4]"
1960,"[2, 3, 4]"
1965,"[2, 3, 4]"
1973,"[2, 3]"
1974,"[2, 3]"
1975,[2]
1976,[2]
1977,"[2, 3]"
1978,"[2, 3]"
1981,"[2, 3, 4]"
1983,"[2, 3, 4]"
1984,"[2, 4]"
1985,"[2, 4]"
1986,[2]
1987,[2]
1988,"[2, 3]"
1989,"[2, 3]"
1999,"[2, 3, 4, 5]"
2000,"[2, 4]"
2001,"[2, 4]"
2002,[2]
2003,[2]
2004,"[2, 3]"
2005,"[2, 3]"
2028,"[2, 3, 4]"
2029,"[2, 3]"
2030,"[2, 3, 4, 5]"
2031,"[2, 5]"
2032,"[2, 5]"
2035,"[2, 3, 4]"
2036,"[2, 3, 4, 5, 6]"
2037,"[2, 6]"
2038,"[2, 6]"
2039,[2]
2044,"[2, 3, 4]"
2045,"[2, 3, 4, 5, 6]"
2046,"[2, 6]"
2047,"[2, 6]"
2048,[2]
2049,"[2, 3]"
2050,"[2, 3]"
2053,"[2, 3, 4, 5, 6]"
2054,"[2, 3, 5]"
2055,"[2, 3, 4, 5, 6]"
2056,"[2, 4]"
2059,"[2, 3, 4]"
2068,"[2, 3, 4, 5, 6]"
2070,"[2, 4]"
2072,"[2, 4]"
2073,"[2, 3, 4]"
2077,"[2, 3]"
2078,"[2, 3]"
2080,"[2, 3]"
2081,"[2, 3]"
2106,"[2, 3]"
2107,"[2, 3]"
2108,"[2, 3, 4, 5]"
2112,"[2, 3, 4]"
2113,"[2, 3, 4]"
2123,[2]
2125,[2]
2127,"[2, 3]"
2128,"[2, 3]"
2129,[2]
2130,[2]
2131,"[2, 3]"
2132,"[2, 3]"
2148,"[2, 3, 4, 5]"
2152,[2]
2153,[2]
2158,"[2, 5, 6]"
2159,"[2, 5, 6]"
2160,[2]
2161,[2]
2162,[2]
2178,"[2, 3, 4]"
2180,"[2, 3, 4]"
2181,"[2, 3, 4]"
2182,"[2, 3, 4]"
2187,"[2, 3, 4, 5]"
2189,"[2, 3, 4]"
2196,"[2, 3, 4, 5]"
2197,"[2, 5]"
2199,"[2, 3, 4, 5]"
2201,[2]
2202,[2]
2210,"[2, 3, 4, 5]"
2211,"[2, 4]"
2212,"[2, 4]"
2213,[2]
2214,[2]
2217,"[2, 3, 4, 5]"
2218,[2]
2220,[2]
2226,[2]
2227,[2]
2228,"[2, 3, 4, 5]"
2230,"[2, 3, 4]"
2232,"[2, 3, 4]"
2269,"[2, 3]"
2270,"[2, 3]"
2271,"[2, 3, 4, 5]"
2273,"[2, 3, 4, 5]"
2275,"[2, 3, 4, 5]"
2280,"[2, 3]"
2281,"[2, 3]"
2291,"[2, 3, 4]"
2292,"[2, 4]"
2293,"[2, 4]"
2294,"[2, 3, 4, 5, 6]"
2295,"[2, 3]"
2296,"[2, 3, 4]"
2298,"[2, 3, 4]"
2299,"[2, 4]"
2300,"[2, 4]"
2301,[2]
2302,[2]
2303,"[2, 3]"
2304,"[2, 3]"
2305,"[2, 3, 4, 5, 6]"
2312,"[2, 3, 4, 5]"
2320,"[2, 3, 4, 5]"
2321,"[2, 4]"
2322,"[2, 4]"
2323,[2]
2324,[2]
2325,"[2, 3]"
2326,"[2, 3]"
2327,"[2, 3, 4, 5, 6]"
2329,"[2, 4]"
2342,"[2, 3, 4, 5]"
2344,"[2, 3, 4]"
2350,"[2, 3, 4, 5, 6]"
2373,"[2, 3]"
2374,"[2, 3]"
2376,"[2, 4, 5, 6]"
2378,"[2, 3, 6]"
2389,"[2, 3, 4, 5]"
2390,"[2, 5]"
2392,"[2, 5]"
2396,"[2, 3, 4, 5]"
2398,"[2, 3, 4]"
2400,"[2, 3, 4]"
2401,"[2, 3, 4]"
2402,[2]
2403,[2]
2404,[2]
2405,[2]
2406,"[2, 3, 4, 5]"
2407,"[2, 4]"
2409,"[2, 4]"
2413,"[2, 3]"
2414,"[2, 3]"
2415,"[2, 3, 4, 5]"
2416,"[2, 5, 6]"
2418,[2]
2420,[2]
2421,[2]
2422,[2]
2423,[2]
2424,[2]
2425,[2]
2429,"[2, 3, 4]"
2437,"[2, 3, 4, 5]"
2447,[2]
2459,"[2, 3, 4, 5]"
2460,"[2, 3, 4, 5]"
2463,"[2, 3, 4]"
2465,"[2, 4, 5]"
2466,[2]
2467,[2]
2468,[2]
2469,[2]
2470,[2]
2471,"[2, 3]"
2472,"[2, 3]"
2475,"[2, 3, 4]"
2477,"[2, 3]"
2478,"[2, 3]"
2484,"[2, 3, 4, 5]"
2485,"[2, 3, 4, 5, 6]"
2486,"[2, 4]"
2496,"[2, 3, 4]"
2497,"[2, 4]"
2498,"[2, 4]"
2499,[2]
2500,[2]
2501,"[2, 3]"
2502,"[2, 3]"
2509,"[2, 3, 4, 5]"
2511,"[2, 3, 4]"
2513,"[2, 3, 4]"
2517,"[2, 4]"
2519,"[2, 4]"
2527,"[2, 3, 4]"
2546,"[2, 3, 4, 5]"
2548,"[2, 5]"
2549,"[2, 5, 6]"
2554,[2]
2555,[2]
2556,[2]
2557,"[2, 3]"
2558,"[2, 3]"
2559,"[2, 3, 4, 5]"
2561,"[2, 3, 4]"
2567,[2]
2568,[2]
2569,"[2, 3]"
2570,"[2, 3]"
2571,"[2, 3, 4, 5]"
2574,"[2, 3, 4]"
2575,"[2, 3, 4, 5, 6]"
2576,"[2, 3, 4, 5, 6]"
2577,"[2, 6]"
2590,[2]
2591,[2]
2592,[2]
2593,[2]
2594,[2]
2595,[2]
2596,"[2, 3]"
2597,"[2, 3]"
2600,"[2, 4, 5]"
2601,"[2, 4]"
2602,"[2, 3, 4]"
2603,"[2, 3, 4]"
2609,"[2, 3, 5]"
2610,"[2, 3, 5]"
2611,"[2, 3, 4, 5]"
2614,"[2, 3, 4, 5, 6]"
2615,"[2, 3, 6]"
2624,"[2, 3, 6]"
2626,"[2, 3, 4, 5, 6]"
2627,"[2, 3, 4, 5]"
2628,"[2, 5]"
2629,"[2, 5]"
2630,[2]
2631,"[2, 3]"
2632,"[2, 3]"
2633,"[2, 3, 4, 5]"
2634,"[2, 4]"
2635,"[2, 3, 4, 5]"
2636,"[2, 4]"
2637,"[2, 4, 5, 6]"
2638,"[2, 3, 6]"
2639,"[2, 3, 6]"
2648,"[2, 3, 4, 5]"
2654,"[2, 3, 4]"
2656,"[2, 3, 4]"
2657,"[2, 3, 4]"
2658,"[2, 3, 4]"
2660,"[2, 4]"
2689,"[2, 3, 4, 5]"
2693,"[2, 3, 4]"
2707,"[2, 3]"
2708,"[2, 3]"
2712,"[2, 3, 4, 5]"
2713,"[2, 4]"
2714,"[2, 4]"
2715,"[2, 3, 4]"
2716,"[2, 3, 4]"
2717,"[2, 3, 4, 5]"
2719,"[2, 3, 4]"
2721,"[2, 3, 4]"
2726,"[2, 3, 4]"
2728,"[2, 3, 4]"
2729,"[2, 4]"
2730,"[2, 4]"
2731,[2]
2732,[2]
2733,"[2, 3]"
2734,"[2, 3]"
2737,"[2, 3, 4]"
2739,"[2, 4]"
2740,"[2, 4]"
2747,"[2, 5]"
2748,[2]
2759,"[2, 3, 4]"
2761,"[2, 3, 4]"
2762,"[2, 4]"
2763,"[2, 4]"
2764,[2]
2765,[2]
2766,"[2, 3, 4, 5]"
2771,"[2, 4]"
2773,"[2, 3, 4, 5]"
2791,"[2, 3, 4, 5]"
2800,"[2, 3]"
2801,"[2, 3]"
2813,"[2, 3, 4, 5]"
2814,"[2, 3, 4]"
2815,"[2, 3, 4]"
2821,"[2, 4, 5, 6]"
2822,"[2, 5]"
2823,"[2, 4, 5, 6]"
2824,"[2, 4, 5, 6]"
2826,"[2, 3, 4, 5, 6]"
2828,"[2, 6]"
2832,"[2, 3]"
2833,"[2, 3]"
2837,"[2, 3, 4]"
2838,"[2, 4]"
2839,"[2, 4]"
2840,"[2, 3, 4]"
2841,"[2, 3, 4]"
2842,"[2, 3, 4, 5, 6]"
2865,[2]
2868,"[2, 3, 4]"
2870,"[2, 3, 4]"
2871,"[2, 3, 4]"
2872,"[2, 3, 4]"
2873,"[2, 3, 4, 5]"
2874,[2]
2876,"[2, 3, 4, 5]"
2877,"[2, 3, 5]"
2878,"[2, 3, 5]"
2882,"[2, 3, 4]"
2883,"[2, 4]"
2884,"[2, 4]"
2885,[2]
2886,[2]
2887,"[2, 3]"
2888,"[2, 3]"
2893,"[2, 4, 5, 6]"
2894,"[2, 5]"
2895,[2]
2896,"[2, 3]"
2897,"[2, 3]"
2915,[2]
2916,[2]
2917,"[2, 3]"
2918,"[2, 3]"
2919,"[2, 3, 4, 5, 6]"
2921,"[2, 3, 4, 5, 6]"
2922,"[2, 3, 5, 6]"
2923,"[2, 3, 5, 6]"
2926,"[2, 3, 4]"
2928,"[2, 3, 4]"
2929,"[2, 3, 4]"
2930,"[2, 3, 4]"
2931,"[2, 3, 4, 5, 6]"
2933,"[2, 5, 6]"
2934,"[2, 5, 6]"
2935,"[2, 5]"
2936,"[2, 5]"
2937,[2]
2938,"[2, 3]"
2939,"[2, 3]"
2942,"[2, 3, 4]"
2950,"[2, 3]"
2951,"[2, 3]"
2952,[2]
2953,[2]
2954,"[2, 3]"
2962,"[2, 3, 4, 5]"
2967,"[2, 3, 4, 5]"
2969,"[2, 3, 4]"
2970,"[2, 3, 4, 5, 6]"
2971,"[2, 6]"
2972,"[2, 6]"
2973,[2]
2974,"[2, 3]"
2975,"[2, 3]"
2976,"[2, 3, 4, 5]"
2978,"[2, 4, 5, 6]"
2979,"[2, 4, 5]"
2985,"[2, 3, 5]"
2986,"[2, 3, 5, 6]"
2988,"[2, 3, 4, 5]"
2990,"[2, 3, 4, 5, 6]"
2991,"[2, 3, 5]"
2992,"[2, 3, 4]"
2993,"[2, 3, 4]"
2994,"[2, 3, 4, 5]"
2995,"[2, 5]"
2997,"[2, 5]"
3007,"[2, 3, 4, 5]"
3008,"[2, 5]"
3009,"[2, 4, 5, 6]"
3010,"[2, 5]"
3011,"[2, 4, 5, 6]"
3026,"[2, 3, 4, 5]"
3027,[2]
3029,[2]
3030,"[2, 3, 4]"
3041,"[2, 3, 4]"
3043,"[2, 3, 4]"
3055,"[2, 3]"
3056,"[2, 3]"
3057,"[2, 3, 4, 5, 6]"
3059,"[2, 3, 4, 5]"
3060,"[2, 5]"
3061,"[2, 5]"
3062,"[2, 5, 6]"
3063,"[2, 5, 6]"
3073,"[2, 5]"
3083,"[2, 3, 4]"
3085,"[2, 3, 4]"
3096,"[2, 3, 4, 5]"
3098,"[2, 3, 4, 5, 6]"
3099,"[2, 3, 5]"
3100,[2]
3101,[2]
3102,"[2, 3]"
3103,"[2, 3]"
3104,"[2, 3, 4, 5]"
3105,[2]
3117,[2]
3118,[2]
3124,"[2, 4]"
3128,"[2, 3, 4]"
3129,"[2, 3, 4]"
3130,"[2, 3, 4]"
3140,"[2, 3, 6]"
3143,"[2, 3, 4]"
3149,[2]
3150,[2]
3151,"[2, 3]"
3152,"[2, 3]"
3153,"[2, 3, 4, 5]"
3155,"[2, 3, 4]"
3157,"[2, 3, 6]"
3158,"[2, 3, 6]"
3168,"[2, 3, 4, 5]"
3172,"[2, 3]"
3173,"[2, 3]"
3176,"[2, 3, 4]"
3178,"[2, 3, 4]"
3179,"[2, 3, 4]"
3180,"[2, 3, 4]"
3192,[2]
3193,"[2, 3, 4]"
3202,"[2, 3, 4, 5]"
3209,"[2, 3, 4]"
3216,"[2, 4]"
3217,"[2, 4]"
3218,[2]
3219,[2]
3220,"[2, 3]"
3221,"[2, 3]"
3224,"[2, 3, 4]"
3231,"[2, 3]"
3232,"[2, 3]"
3233,"[2, 3, 4, 5]"
3239,"[2, 3, 4, 5, 6]"
3241,"[2, 3, 4, 5]"
3243,"[2, 3]"
3247,"[2, 3, 4, 5]"
3248,"[2, 3, 4, 5]"
3252,"[2, 3, 4]"
3253,"[2, 3, 4]"
3270,"[2, 3, 4, 5]"
3272,"[2, 3, 4]"
3273,"[2, 3, 4, 5, 6]"
3274,"[2, 6]"
3275,"[2, 6]"
3276,[2]
3277,"[2, 3]"
3278,"[2, 3]"
3279,"[2, 3, 4, 5]"
3283,[2]
3284,[2]
3285,"[2, 3]"
3286,"[2, 3]"
3289,"[2, 3, 4]"
3295,"[2, 3, 4, 5, 6]"
3297,[2]
3298,"[2, 3, 4]"
3299,"[2, 4]"
3300,"[2, 4]"
3301,"[2, 3, 4]"
3302,"[2, 3, 4]"
3303,"[2, 3, 4, 5]"
3304,[2]
3306,[2]
3324,"[2, 3, 4]"
3325,"[2, 4]"
3326,"[2, 4]"
3327,[2]
3328,[2]
3329,"[2, 3]"
3330,"[2, 3]"
3331,"[2, 3, 4, 5]"
3332,"[2, 3, 4, 5]"
3336,[2]
3337,[2]
3338,[2]
3339,"[2, 3, 4, 5]"
3340,"[2, 4, 5, 6]"
3364,"[2, 3, 4]"
3365,"[2, 3, 4]"
3370,"[2, 3, 4, 5]"
3372,"[2, 3, 4]"
3378,"[2, 3, 4, 5]"
3380,"[2, 3, 4, 5, 6]"
3381,"[2, 3, 5]"
3382,[2]
3383,[2]
3384,"[2, 3]"
3385,"[2, 3]"
3388,"[2, 3, 4]"
3390,"[2, 3, 4]"
3391,"[2, 4]"
3392,"[2, 4]"
3393,"[2, 3, 4, 5, 6]"
3394,[2]
3397,"[2, 3, 4]"
3399,"[2, 3, 4]"
3408,"[2, 3, 4]"
3410,"[2, 3, 4]"
3414,"[2, 4]"
3418,"[2, 4]"
3419,"[2, 4]"
3420,[2]
3421,[2]
3425,"[2, 4]"
3426,"[2, 4]"
3427,[2]
3428,[2]
3429,"[2, 3]"
3430,"[2, 3]"
3433,"[2, 3, 4]"
3434,"[2, 3]"
3435,"[2, 3, 4, 5]"
3436,"[2, 5]"
3437,"[2, 5]"
3442,"[2, 3, 4, 5, 6]"
3443,"[2, 3, 5]"
3444,[2]
3445,[2]
3452,"[2, 3, 4]"
3453,"[2, 4]"
3454,"[2, 4]"
3455,[2]
3456,[2]
3457,"[2, 3]"
3458,"[2, 3]"
3474,"[2, 3, 4, 5]"
3485,"[2, 5]"
3486,[2]
3490,"[2, 3, 4]"
3491,"[2, 4]"
3492,"[2, 4]"
3493,"[2, 4]"
3494,"[2, 4]"
3499,"[2, 3, 4, 5]"
3514,[2]
3524,"[2, 3, 4, 5]"
3527,"[2, 3, 4, 5]"
3540,"[2, 3, 4]"
3541,"[2, 3]"
3542,"[2, 3, 4, 5]"
3543,"[2, 5]"
3544,"[2, 5]"
3551,"[2, 3, 4, 5, 6]"
3556,"[2, 3, 4]"
3563,"[2, 5]"
3564,[2]
3565,[2]
3566,[2]
3567,[2]
3568,[2]
3569,"[2, 3]"
3570,"[2, 3]"
3571,"[2, 3, 4, 5, 6]"
3573,[2]
3574,"[2, 3, 4]"
3585,"[2, 3, 4]"
3587,"[2, 3, 4]"
3597,"[2, 3, 4]"
3598,"[2, 3, 4]"
3601,"[2, 3, 4, 5]"
3616,"[2, 3, 4, 5]"
3618,"[2, 3, 4]"
3620,"[2, 3, 4]"
3621,"[2, 4]"
3622,"[2, 4]"
3623,"[2, 3, 4, 5, 6]"
3624,"[2, 4]"
3630,"[2, 3, 4, 5]"
3634,"[2, 3, 4]"
3635,"[2, 4]"
3636,"[2, 4]"
3637,[2]
3638,[2]
3650,"[2, 3, 4]"
3652,"[2, 3, 4]"
3666,"[2, 3, 4]"
3668,"[2, 3, 4]"
3669,"[2, 4]"
3670,"[2, 4]"
3671,[2]
3672,[2]
3673,"[2, 3]"
3674,"[2, 3]"
3677,"[2, 3, 4]"
3680,"[2, 3]"
3681,"[2, 3]"
3682,[2]
3683,[2]
3684,"[2, 3]"
3685,"[2, 3]"
3696,"[2, 3, 4, 5]"
3697,"[2, 3, 4, 5]"
3711,"[2, 3, 4, 5]"
3716,"[2, 3]"
3717,"[2, 3]"
3723,[2]
3724,[2]
3733,"[2, 3, 4, 5, 6]"
3735,[2]
3743,"[2, 3, 4]"
3748,"[2, 3, 4, 5]"
3752,[2]
3753,[2]
3754,"[2, 3, 4, 5]"
3756,"[2, 3, 4, 5, 6]"
3759,"[2, 3]"
3760,"[2, 3]"
3761,"[2, 3, 4, 5]"
3762,"[2, 5]"
3768,"[2, 3]"
3769,"[2, 3]"
3787,"[2, 4, 5, 6]"
3788,"[2, 5]"
3790,"[2, 3, 5]"
3791,"[2, 3, 5]"
3794,"[2, 3, 4]"
3796,"[2, 3, 4]"
3806,"[2, 3, 4, 5, 6]"
3815,"[2, 3, 4]"
3817,"[2, 3, 4]"
3826,"[2, 3, 4]"
3839,[2]
3841,[2]
3842,"[2, 3, 4]"
3843,"[2, 4]"
3844,"[2, 4]"
3845,[2]
3846,[2]
3847,"[2, 3]"
3848,"[2, 3]"
3867,"[2, 3, 4, 5, 6]"
3869,[2]
3870,"[2, 3, 4]"
3887,"[2, 3, 4]"
3889,[2]
3890,[2]
3891,[2]
3892,[2]
3893,[2]
3894,[2]
3895,"[2, 3]"
3896,"[2, 3]"
3916,"[2, 3, 4, 5]"
3918,"[2, 3, 4, 5, 6]"
3920,"[2, 3, 4]"
3921,"[2, 4]"
3922,"[2, 4]"
3923,[2]
3924,[2]
3933,"[2, 3]"
3934,"[2, 3, 4, 5]"
3936,"[2, 3, 4]"
3938,"[2, 3, 4]"
3939,"[2, 3, 4]"
3940,"[2, 3, 4]"
3943,"[2, 3, 4]"
3945,"[2, 3, 4]"
3950,"[2, 3]"
3951,"[2, 3]"
3954,"[2, 3, 4]"
3956,[2]
3957,[2]
3958,[2]
3959,[2]
3960,[2]
3961,[2]
3962,"[2, 3]"
3963,"[2, 3]"
3972,"[2, 3, 4, 5, 6]"
3979,"[2, 3, 4]"
3981,"[2, 3, 4]"
3982,"[2, 3, 4]"
3983,"[2, 3, 4]"
3988,"[2, 3, 4, 5]"
3990,"[2, 3, 4]"
3992,"[2, 3, 4]"
3997,"[2, 3]"
3998,"[2, 3]"
4006,"[2, 3, 4]"
4008,"[2, 4, 5]"
4009,[2]
4010,[2]
4011,[2]
4012,[2]
4013,[2]
4024,"[2, 3, 4]"
4026,"[2, 3, 4]"
4041,"[2, 4]"
4042,"[2, 4]"
4043,"[2, 4]"
4044,"[2, 4]"
4045,"[2, 3, 4, 5]"
4050,"[2, 3, 4, 5, 6]"
4051,"[2, 6]"
4063,"[2, 3]"
4064,"[2, 3]"
4067,"[2, 3, 4, 5]"
4068,"[2, 4]"
4069,"[2, 4]"
4070,"[2, 3, 4]"
4071,"[2, 3, 4]"
4074,"[2, 3, 4]"
4087,"[2, 3, 4, 5]"
4089,"[2, 3, 4, 5]"
4090,"[2, 4, 5]"
4095,"[2, 4, 5, 6]"
4096,"[2, 4, 5]"
4100,"[2, 3, 4, 5]"
4102,"[2, 4, 5, 6]"
4103,"[2, 5]"
4104,[2]
4105,[2]
4106,[2]
4107,[2]
4108,"[2, 3]"
4109,"[2, 3]"
4112,"[2, 3, 4]"
4128,"[2, 3, 4]"
4137,"[2, 3, 4]"
4151,"[2, 4]"
4153,"[2, 4]"
4158,"[2, 3, 4]"
4163,"[2, 3, 4, 5]"
4165,"[2, 3, 4]"
4172,"[2, 3]"
4173,"[2, 3]"
4174,"[2, 3, 4, 5]"
4176,"[2, 3, 4]"
4177,"[2, 3]"
4178,"[2, 3, 4, 5]"
4179,"[2, 5]"
4180,"[2, 5]"
4181,"[2, 3]"
4182,"[2, 3]"
4183,"[2, 3, 4, 5]"
4185,"[2, 3, 4]"
4187,"[2, 3, 4]"
4192,"[2, 3, 4, 5]"
4194,"[2, 3, 4, 5, 6]"
4195,"[2, 3, 5]"
4196,[2]
4197,[2]
4198,"[2, 3]"
4199,"[2, 3]"
4205,"[2, 3, 6]"
4206,"[2, 3, 4, 5]"
4208,"[2, 3, 4, 5, 6]"
4209,"[2, 3, 5]"
4210,[2]
4211,[2]
4212,"[2, 3]"
4213,"[2, 3]"
4214,"[2, 3, 4, 5]"
4218,"[2, 3, 5]"
4219,"[2, 3, 5]"
4222,"[2, 3, 4]"
4224,"[2, 3, 4]"
4225,"[2, 3, 4]"
4226,"[2, 3, 4]"
4228,"[2, 4]"
4230,"[2, 4]"
4242,"[2, 3, 4]"
4244,"[2, 3, 4]"
4245,"[2, 3, 4]"
4246,"[2, 3, 4]"
4253,"[2, 3, 4]"
4255,"[2, 3, 4]"
4260,"[2, 3, 4, 5]"
4262,"[2, 3, 4, 5]"
4263,"[2, 4]"
4266,"[2, 4]"
4268,"[2, 3, 4, 5, 6]"
4274,"[2, 3, 4, 5]"
4275,[2]
4277,[2]
4278,"[2, 3, 4]"
4279,"[2, 3, 4]"
4280,"[2, 3, 4]"
4287,"[2, 3, 4]"
4289,"[2, 3, 4]"
4291,"[2, 4]"
4301,"[2, 3, 4]"
4303,"[2, 3, 4]"
4319,"[2, 3, 4]"
4320,"[2, 4]"
4321,"[2, 4]"
4322,[2]
4323,[2]
4324,"[2, 3, 4, 5]"
4325,"[2, 3, 4, 5]"
4327,"[2, 3, 4, 5]"
4328,"[2, 3, 4]"
4329,"[2, 3, 4, 5, 6]"
4330,"[2, 3, 4, 5]"
4331,"[2, 5]"
4332,"[2, 5]"
4334,[2]
4335,[2]
4336,[2]
4337,[2]
4338,[2]
4339,"[2, 3]"
4340,"[2, 3]"
4343,"[2, 3, 4]"
4345,"[2, 4]"
4346,"[2, 4]"
4347,"[2, 3, 4]"
4348,"[2, 3]"
4353,[2]
4354,[2]
4357,"[2, 3, 4]"
4358,"[2, 3, 4, 5, 6]"
4359,"[2, 4, 6]"
4360,"[2, 4, 6]"
4361,"[2, 4]"
4362,"[2, 3, 4]"
4363,"[2, 3]"
4366,"[2, 3, 4]"
4371,"[2, 3, 4, 5]"
4372,"[2, 3, 4, 5]"
4375,"[2, 3, 4]"
4380,"[2, 3, 4, 5]"
4381,[2]
4383,"[2, 3, 4, 5]"
4384,"[2, 3, 4, 5]"
4385,"[2, 3, 4, 5]"
4386,"[2, 3, 4, 5, 6]"
4387,"[2, 3]"
4388,"[2, 3, 4]"
4390,"[2, 3, 4]"
4397,"[2, 3, 4, 5]"
4399,"[2, 3, 4]"
4401,"[2, 3, 4]"
4402,"[2, 4]"
4403,"[2, 4]"
4404,"[2, 3, 4]"
4405,"[2, 3, 4]"
4406,"[2, 3, 4, 5, 6]"
4408,"[2, 3, 4, 5, 6]"
4422,"[2, 3, 4, 5]"
4423,"[2, 4]"
4424,"[2, 4]"
4425,"[2, 4, 5, 6]"
4426,"[2, 6]"
4427,"[2, 3, 6]"
4428,"[2, 3, 5, 6]"
4436,"[2, 5]"
4437,[2]
4438,[2]
4441,"[2, 3, 4, 5]"
4443,"[2, 3, 4]"
4445,"[2, 3, 4]"
4446,"[2, 4]"
4447,"[2, 4]"
4448,"[2, 4, 5]"
4449,"[2, 4, 5]"
4450,"[2, 3, 4, 5]"
4452,"[2, 3, 4]"
4457,"[2, 3]"
4458,"[2, 3]"
4461,"[2, 3, 4]"
4465,"[2, 4]"
4469,"[2, 6]"
4470,[2]
4471,[2]
4480,"[2, 3, 4]"
4481,"[2, 4]"
4482,"[2, 4]"
4483,[2]
4484,[2]
4492,[2]
4493,[2]
4494,[2]
4495,[2]
4496,[2]
4497,[2]
4498,"[2, 3]"
4499,"[2, 3]"
4500,"[2, 3, 4, 5]"
4503,"[2, 3, 4, 5, 6]"
4504,"[2, 4, 6]"
4505,"[2, 4, 6]"
4506,"[2, 3, 4, 6]"
4507,"[2, 3, 4]"
4510,"[2, 3, 4]"
4512,[2]
4513,[2]
4514,"[2, 3]"
4515,"[2, 3]"
4519,"[2, 3, 4]"
4520,"[2, 4]"
4521,"[2, 4]"
4522,"[2, 3, 4]"
4540,"[2, 3, 4, 5]"
4541,"[2, 4]"
4542,"[2, 4]"
4543,[2]
4544,[2]
4545,"[2, 3]"
4546,"[2, 3]"
4553,"[2, 3, 4, 5]"
4555,"[2, 3, 4]"
4563,"[2, 3, 4, 5]"
4565,"[2, 3, 4]"
4567,"[2, 3, 4]"
4583,"[2, 3, 4, 5]"
4588,"[2, 3]"
4589,"[2, 3]"
4597,"[2, 3, 4, 5]"
4599,"[2, 3, 4]"
4601,"[2, 3, 4, 6]"
4602,"[2, 3, 4, 6]"
4608,"[2, 3]"
4609,"[2, 3]"
4610,[2]
4611,[2]
4616,"[2, 3, 4]"
4617,"[2, 3]"
4618,"[2, 3, 4, 5]"
4619,"[2, 5]"
4620,"[2, 5]"
4621,"[2, 3]"
4622,"[2, 3]"
4623,"[2, 3, 4, 5]"
4633,"[2, 3, 4]"
4635,"[2, 4, 5]"
4636,[2]
4637,[2]
4638,[2]
4639,[2]
4640,[2]
4646,"[2, 3]"
4647,"[2, 3]"
4651,"[2, 3, 4]"
4658,"[2, 3, 4]"
4660,"[2, 3, 4]"
4667,"[2, 3, 4]"
4669,"[2, 3, 4]"
4670,"[2, 4]"
4671,"[2, 4]"
4672,[2]
4673,[2]
4674,"[2, 3]"
4675,"[2, 3]"
4683,"[2, 3]"
4684,"[2, 3, 4, 5]"
4686,"[2, 3, 4]"
4693,"[2, 3, 4]"
4695,"[2, 3, 4]"
4697,"[2, 4]"
4699,"[2, 4]"
4708,"[2, 3, 4]"
4710,"[2, 3, 4]"
4711,"[2, 3, 4]"
4712,"[2, 3, 4]"
4717,"[2, 3, 4]"
4725,"[2, 3]"
4726,"[2, 3]"
4727,[2]
4728,[2]
4729,"[2, 3]"
4730,"[2, 3]"
4733,"[2, 3, 4]"
4735,"[2, 3, 4]"
4736,"[2, 4]"
4737,"[2, 4]"
4738,[2]
4739,[2]
4740,"[2, 3]"
4741,"[2, 3]"
4751,"[2, 3, 4, 5]"
4752,"[2, 4]"
4753,"[2, 4]"
4754,[2]
4755,[2]
4756,"[2, 3]"
4757,"[2, 3]"
4,[3]
25,"[3, 4, 5]"
26,"[3, 5]"
27,"[3, 5]"
28,[3]
29,[3]
58,[3]
70,"[3, 4, 5, 6]"
71,"[3, 6]"
72,"[3, 6]"
73,[3]
74,[3]
76,[3]
86,[3]
88,[3]
123,"[3, 4, 5]"
139,[3]
141,[3]
147,"[3, 4, 5]"
155,[3]
160,[3]
161,[3]
166,[3]
182,[3]
184,[3]
188,[3]
189,[3]
210,"[3, 4, 5]"
230,[3]
244,"[3, 4, 5, 6]"
245,[3]
250,[3]
251,[3]
253,[3]
255,[3]
257,"[3, 4]"
258,"[3, 4]"
259,[3]
260,[3]
263,"[3, 4, 5, 6]"
283,[3]
285,[3]
297,"[3, 4, 5, 6]"
298,[3]
300,[3]
322,[3]
375,"[3, 4, 5, 6]"
390,[3]
402,[3]
404,"[3, 4, 5, 6]"
418,"[3, 4, 5, 6]"
419,"[3, 5]"
422,"[3, 4, 5, 6]"
423,[3]
425,[3]
448,"[3, 4, 5, 6]"
449,"[3, 5]"
451,"[3, 5]"
458,"[3, 4, 5, 6]"
470,"[3, 4, 5, 6]"
471,[3]
473,[3]
474,"[3, 4, 5]"
475,"[3, 5]"
476,"[3, 5]"
477,[3]
478,[3]
483,"[3, 4, 5]"
485,"[3, 5, 6]"
486,[3]
507,"[3, 4, 5]"
519,[3]
535,"[3, 4, 5, 6]"
536,[3]
538,"[3, 4, 5, 6]"
564,"[3, 4, 5]"
566,"[3, 4, 5]"
567,"[3, 4, 5]"
568,"[3, 4, 5]"
570,"[3, 4, 5]"
602,"[3, 4, 5]"
619,[3]
623,"[3, 6]"
624,[3]
625,[3]
634,"[3, 4, 5, 6]"
635,[3]
637,[3]
646,[3]
655,[3]
657,[3]
679,"[3, 4, 5, 6]"
680,[3]
688,"[3, 4, 5, 6]"
699,[3]
707,"[3, 4, 5, 6]"
717,"[3, 4, 5]"
719,"[3, 4, 5]"
720,"[3, 4, 5]"
721,"[3, 4, 5]"
749,"[3, 4, 5, 6]"
750,"[3, 5]"
766,"[3, 4]"
767,"[3, 4]"
768,"[3, 4]"
769,"[3, 4]"
780,"[3, 4, 5, 6]"
797,"[3, 4, 5]"
802,"[3, 4, 5, 6]"
803,[3]
805,[3]
806,"[3, 4, 5]"
807,"[3, 4, 5]"
808,"[3, 4, 5]"
832,[3]
834,[3]
836,"[3, 4]"
837,"[3, 4]"
838,"[3, 4, 5]"
839,"[3, 4, 5]"
851,"[3, 4, 5]"
852,"[3, 4]"
853,"[3, 4, 5, 6]"
854,"[3, 6]"
855,"[3, 6]"
858,"[3, 4, 5]"
865,[3]
867,[3]
875,"[3, 4, 5, 6]"
876,"[3, 6]"
877,"[3, 6]"
880,"[3, 4, 5]"
897,[3]
899,[3]
901,"[3, 4]"
902,"[3, 4]"
903,"[3, 4, 5]"
904,"[3, 4, 5]"
913,[3]
915,[3]
924,[3]
926,[3]
935,"[3, 4, 5]"
960,"[3, 4, 5]"
961,"[3, 4, 5]"
962,"[3, 5]"
963,"[3, 5]"
992,[3]
993,"[3, 4, 5]"
1003,"[3, 5, 6]"
1005,[3]
1015,[3]
1018,"[3, 4, 5, 6]"
1020,"[3, 4, 5]"
1037,"[3, 4, 5]"
1040,"[3, 4, 5, 6]"
1041,[3]
1043,[3]
1045,"[3, 4]"
1046,"[3, 4]"
1047,"[3, 4, 5]"
1048,"[3, 4, 5]"
1056,"[3, 4, 5]"
1058,"[3, 5]"
1059,"[3, 5]"
1062,"[3, 4, 5]"
1064,[3]
1073,[3]
1075,"[3, 4, 5]"
1102,"[3, 4]"
1103,"[3, 4]"
1108,"[3, 4, 5]"
1110,"[3, 4, 5]"
1132,"[3, 4]"
1133,"[3, 4, 5, 6]"
1134,[3]
1148,"[3, 4, 5, 6]"
1149,[3]
1160,"[3, 5]"
1161,"[3, 5]"
1162,"[3, 4, 5]"
1163,"[3, 4]"
1165,"[3, 5, 6]"
1167,[3]
1183,[3]
1185,[3]
1190,[3]
1192,[3]
1194,"[3, 4]"
1195,"[3, 4]"
1196,[3]
1197,[3]
1201,[3]
1215,"[3, 4, 5, 6]"
1216,"[3, 5, 6]"
1217,"[3, 5, 6]"
1219,"[3, 5]"
1221,"[3, 5, 6]"
1223,[3]
1224,[3]
1225,"[3, 4, 5, 6]"
1226,[3]
1228,[3]
1237,[3]
1239,[3]
1241,"[3, 4]"
1242,"[3, 4]"
1243,[3]
1244,[3]
1253,[3]
1273,[3]
1294,"[3, 5]"
1295,"[3, 4, 5, 6]"
1296,"[3, 5]"
1297,"[3, 4, 5, 6]"
1309,[3]
1310,[3]
1321,[3]
1359,[3]
1363,"[3, 5]"
1364,"[3, 5]"
1365,[3]
1366,[3]
1375,[3]
1412,[3]
1414,[3]
1415,"[3, 4, 5]"
1416,"[3, 5]"
1417,"[3, 5]"
1418,[3]
1419,[3]
1423,[3]
1432,[3]
1434,[3]
1436,"[3, 4]"
1437,"[3, 4]"
1438,"[3, 4, 5]"
1439,"[3, 4, 5]"
1464,"[3, 4, 5, 6]"
1465,"[3, 5]"
1469,"[3, 5]"
1471,[3]
1489,[3]
1491,[3]
1500,[3]
1502,[3]
1533,"[3, 4, 5, 6]"
1534,[3]
1536,[3]
1548,[3]
1550,[3]
1561,"[3, 6]"
1562,"[3, 5, 6]"
1590,[3]
1604,[3]
1613,[3]
1615,"[3, 4]"
1617,"[3, 4]"
1618,"[3, 4]"
1622,[3]
1624,[3]
1626,[3]
1627,[3]
1637,[3]
1646,[3]
1648,[3]
1661,"[3, 4, 5]"
1690,[3]
1692,[3]
1699,[3]
1701,"[3, 4]"
1703,"[3, 4]"
1704,"[3, 4]"
1708,[3]
1723,"[3, 4, 5, 6]"
1724,"[3, 6]"
1726,"[3, 4, 5]"
1757,[3]
1765,"[3, 4, 5]"
1802,[3]
1804,"[3, 4, 5, 6]"
1812,[3]
1814,[3]
1827,"[3, 4, 5, 6]"
1828,"[3, 5, 6]"
1830,"[3, 5]"
1832,[3]
1834,[3]
1835,[3]
1846,[3]
1848,"[3, 4, 5, 6]"
1854,"[3, 4, 5]"
1863,[3]
1873,"[3, 4, 5]"
1880,[3]
1893,[3]
1900,"[3, 4]"
1901,"[3, 4]"
1902,[3]
1903,[3]
1905,[3]
1907,[3]
1909,"[3, 4]"
1910,"[3, 4]"
1911,"[3, 4, 5]"
1912,"[3, 4, 5]"
1913,"[3, 4, 5, 6]"
1914,[3]
1916,[3]
1933,[3]
1935,[3]
1936,"[3, 4, 5]"
1940,"[3, 4, 5]"
1942,[3]
1953,"[3, 4]"
1955,[3]
1957,[3]
1980,[3]
1982,[3]
2027,[3]
2034,"[3, 4, 5]"
2043,[3]
2051,"[3, 4, 5, 6]"
2074,"[3, 4, 5]"
2079,[3]
2088,[3]
2089,[3]
2100,"[3, 4, 5, 6]"
2102,"[3, 4, 5]"
2104,[3]
2105,[3]
2110,"[3, 4, 5, 6]"
2111,"[3, 4, 5]"
2117,"[3, 4, 5]"
2179,[3]
2188,[3]
2190,[3]
2229,[3]
2231,[3]
2258,"[3, 4, 5]"
2266,"[3, 5]"
2267,[3]
2268,[3]
2272,"[3, 5]"
2274,"[3, 5]"
2276,"[3, 4]"
2277,"[3, 4]"
2278,[3]
2279,[3]
2286,[3]
2287,[3]
2297,[3]
2315,[3]
2316,[3]
2317,"[3, 4, 5, 6]"
2337,"[3, 5]"
2338,"[3, 5]"
2339,"[3, 4, 5]"
2340,"[3, 4, 5]"
2343,[3]
2345,"[3, 4, 5, 6]"
2368,"[3, 4, 5]"
2369,"[3, 5]"
2370,"[3, 5]"
2371,[3]
2372,[3]
2379,"[3, 5, 6]"
2380,"[3, 5, 6]"
2381,[3]
2397,[3]
2411,[3]
2412,[3]
2430,"[3, 4]"
2431,"[3, 4]"
2432,[3]
2433,[3]
2456,"[3, 4, 5]"
2458,"[3, 4, 5]"
2462,"[3, 4]"
2474,[3]
2479,[3]
2480,[3]
2487,"[3, 4, 5]"
2489,"[3, 5]"
2490,"[3, 5]"
2494,"[3, 4, 5]"
2510,[3]
2512,[3]
2525,"[3, 4, 5, 6]"
2526,[3]
2536,"[3, 4, 5]"
2545,"[3, 5]"
2560,[3]
2573,"[3, 4, 5]"
2604,"[3, 4, 5, 6]"
2605,[3]
2612,"[3, 4, 5]"
2613,"[3, 4, 5, 6]"
2623,"[3, 4, 5, 6]"
2653,[3]
2655,[3]
2686,"[3, 4, 5]"
2705,[3]
2706,[3]
2709,"[3, 4, 5, 6]"
2718,[3]
2720,[3]
2725,"[3, 4, 5]"
2727,[3]
2735,"[3, 4, 5, 6]"
2736,[3]
2754,"[3, 6]"
2755,[3]
2756,[3]
2757,"[3, 4, 5, 6]"
2758,[3]
2760,[3]
2795,"[3, 4, 5]"
2796,"[3, 5]"
2797,"[3, 5]"
2798,[3]
2799,[3]
2802,"[3, 4, 5, 6]"
2806,"[3, 4, 5]"
2807,"[3, 5]"
2808,"[3, 5]"
2809,[3]
2810,[3]
2830,"[3, 6]"
2831,[3]
2835,"[3, 4, 5]"
2867,[3]
2869,[3]
2880,"[3, 4, 5]"
2902,[3]
2908,[3]
2924,"[3, 4, 5, 6]"
2925,[3]
2927,[3]
2941,[3]
2943,[3]
2944,"[3, 4, 5]"
2945,"[3, 4, 5]"
2946,"[3, 4, 5]"
2948,"[3, 4, 5]"
2961,"[3, 5]"
2963,"[3, 5]"
2968,[3]
2987,"[3, 5, 6]"
3012,"[3, 4, 6]"
3013,"[3, 4, 6]"
3039,"[3, 4, 5, 6]"
3040,[3]
3042,[3]
3054,[3]
3078,"[3, 5]"
3079,"[3, 4, 5]"
3080,"[3, 4, 5]"
3082,[3]
3084,[3]
3088,[3]
3089,[3]
3127,"[3, 4, 5, 6]"
3142,[3]
3154,[3]
3156,"[3, 4, 5, 6]"
3170,"[3, 4, 5, 6]"
3171,"[3, 5]"
3174,"[3, 4, 5, 6]"
3175,[3]
3177,[3]
3200,"[3, 4, 5, 6]"
3201,"[3, 5]"
3203,"[3, 5]"
3210,"[3, 4, 5, 6]"
3222,"[3, 4, 5, 6]"
3223,[3]
3225,[3]
3226,"[3, 4, 5]"
3227,"[3, 5]"
3228,"[3, 5]"
3229,[3]
3230,[3]
3235,"[3, 4, 5]"
3237,"[3, 5, 6]"
3238,[3]
3259,"[3, 4, 5]"
3271,[3]
3287,"[3, 4, 5, 6]"
3288,[3]
3290,"[3, 4, 5, 6]"
3316,"[3, 4, 5]"
3318,"[3, 4, 5]"
3319,"[3, 4, 5]"
3320,"[3, 4, 5]"
3322,"[3, 4, 5]"
3354,"[3, 4, 5]"
3371,[3]
3375,"[3, 6]"
3376,[3]
3377,[3]
3386,"[3, 4, 5, 6]"
3387,[3]
3389,[3]
3398,[3]
3407,[3]
3409,[3]
3431,"[3, 4, 5, 6]"
3432,[3]
3440,"[3, 4, 5, 6]"
3451,[3]
3459,"[3, 4, 5, 6]"
3469,"[3, 4, 5]"
3471,"[3, 4, 5]"
3472,"[3, 4, 5]"
3473,"[3, 4, 5]"
3501,"[3, 4, 5, 6]"
3502,"[3, 5]"
3518,"[3, 4]"
3519,"[3, 4]"
3520,"[3, 4]"
3521,"[3, 4]"
3532,"[3, 4, 5, 6]"
3549,"[3, 4, 5]"
3554,"[3, 4, 5, 6]"
3555,[3]
3557,[3]
3558,"[3, 4, 5]"
3559,"[3, 4, 5]"
3560,"[3, 4, 5]"
3584,[3]
3586,[3]
3588,"[3, 4]"
3589,"[3, 4]"
3590,"[3, 4, 5]"
3591,"[3, 4, 5]"
3603,"[3, 4, 5]"
3604,"[3, 4]"
3605,"[3, 4, 5, 6]"
3606,"[3, 6]"
3607,"[3, 6]"
3610,"[3, 4, 5]"
3617,[3]
3619,[3]
3627,"[3, 4, 5, 6]"
3628,"[3, 6]"
3629,"[3, 6]"
3632,"[3, 4, 5]"
3649,[3]
3651,[3]
3653,"[3, 4]"
3654,"[3, 4]"
3655,"[3, 4, 5]"
3656,"[3, 4, 5]"
3665,[3]
3667,[3]
3676,[3]
3678,[3]
3687,"[3, 4, 5]"
3712,"[3, 4, 5]"
3713,"[3, 4, 5]"
3714,"[3, 5]"
3715,"[3, 5]"
3744,[3]
3745,"[3, 4, 5]"
3755,"[3, 5, 6]"
3757,[3]
3767,[3]
3770,"[3, 4, 5, 6]"
3772,"[3, 4, 5]"
3789,"[3, 4, 5]"
3792,"[3, 4, 5, 6]"
3793,[3]
3795,[3]
3797,"[3, 4]"
3798,"[3, 4]"
3799,"[3, 4, 5]"
3800,"[3, 4, 5]"
3808,"[3, 4, 5]"
3810,"[3, 5]"
3811,"[3, 5]"
3814,"[3, 4, 5]"
3816,[3]
3825,[3]
3827,"[3, 4, 5]"
3854,"[3, 4]"
3855,"[3, 4]"
3860,"[3, 4, 5]"
3862,"[3, 4, 5]"
3884,"[3, 4]"
3885,"[3, 4, 5, 6]"
3886,[3]
3900,"[3, 4, 5, 6]"
3901,[3]
3912,"[3, 5]"
3913,"[3, 5]"
3914,"[3, 4, 5]"
3915,"[3, 4]"
3917,"[3, 5, 6]"
3919,[3]
3935,[3]
3937,[3]
3942,[3]
3944,[3]
3946,"[3, 4]"
3947,"[3, 4]"
3948,[3]
3949,[3]
3953,[3]
3967,"[3, 4, 5, 6]"
3968,"[3, 5, 6]"
3969,"[3, 5, 6]"
3971,"[3, 5]"
3973,"[3, 5, 6]"
3975,[3]
3976,[3]
3977,"[3, 4, 5, 6]"
3978,[3]
3980,[3]
3989,[3]
3991,[3]
3993,"[3, 4]"
3994,"[3, 4]"
3995,[3]
3996,[3]
4005,[3]
4025,[3]
4046,"[3, 5]"
4047,"[3, 4, 5, 6]"
4048,"[3, 5]"
4049,"[3, 4, 5, 6]"
4061,[3]
4062,[3]
4073,[3]
4111,[3]
4115,"[3, 5]"
4116,"[3, 5]"
4117,[3]
4118,[3]
4127,[3]
4164,[3]
4166,[3]
4167,"[3, 4, 5]"
4168,"[3, 5]"
4169,"[3, 5]"
4170,[3]
4171,[3]
4175,[3]
4184,[3]
4186,[3]
4188,"[3, 4]"
4189,"[3, 4]"
4190,"[3, 4, 5]"
4191,"[3, 4, 5]"
4216,"[3, 4, 5, 6]"
4217,"[3, 5]"
4221,"[3, 5]"
4223,[3]
4241,[3]
4243,[3]
4252,[3]
4254,[3]
4285,"[3, 4, 5, 6]"
4286,[3]
4288,[3]
4300,[3]
4302,[3]
4313,"[3, 6]"
4314,"[3, 5, 6]"
4342,[3]
4356,[3]
4365,[3]
4367,"[3, 4]"
4369,"[3, 4]"
4370,"[3, 4]"
4374,[3]
4376,[3]
4378,[3]
4379,[3]
4389,[3]
4398,[3]
4400,[3]
4413,"[3, 4, 5]"
4442,[3]
4444,[3]
4451,[3]
4453,"[3, 4]"
4455,"[3, 4]"
4456,"[3, 4]"
4460,[3]
4475,"[3, 4, 5, 6]"
4476,"[3, 6]"
4478,"[3, 4, 5]"
4509,[3]
4517,"[3, 4, 5]"
4554,[3]
4556,"[3, 4, 5, 6]"
4564,[3]
4566,[3]
4579,"[3, 4, 5, 6]"
4580,"[3, 5, 6]"
4582,"[3, 5]"
4584,[3]
4586,[3]
4587,[3]
4598,[3]
4600,"[3, 4, 5, 6]"
4606,"[3, 4, 5]"
4615,[3]
4625,"[3, 4, 5]"
4632,[3]
4645,[3]
4652,"[3, 4]"
4653,"[3, 4]"
4654,[3]
4655,[3]
4657,[3]
4659,[3]
4661,"[3, 4]"
4662,"[3, 4]"
4663,"[3, 4, 5]"
4664,"[3, 4, 5]"
4665,"[3, 4, 5, 6]"
4666,[3]
4668,[3]
4685,[3]
4687,[3]
4688,"[3, 4, 5]"
4692,"[3, 4, 5]"
4694,[3]
4705,"[3, 4]"
4707,[3]
4709,[3]
4732,[3]
4734,[3]
13,"[4, 5, 6]"
14,"[4, 5, 6]"
23,"[4, 5, 6]"
33,[4]
34,[4]
35,[4]
36,[4]
37,[4]
38,[4]
43,[4]
44,[4]
45,[4]
146,[4]
150,"[4, 6]"
151,"[4, 6]"
152,[4]
153,[4]
192,"[4, 5, 6]"
209,[4]
211,[4]
221,"[4, 5, 6]"
343,"[4, 5, 6]"
373,"[4, 5]"
374,"[4, 5]"
379,[4]
380,[4]
381,[4]
382,[4]
412,[4]
413,[4]
414,"[4, 5]"
415,"[4, 5]"
444,[4]
445,[4]
446,[4]
447,[4]
482,[4]
503,[4]
504,[4]
505,[4]
506,[4]
516,"[4, 5]"
517,"[4, 5]"
539,"[4, 6]"
540,"[4, 6]"
541,[4]
542,[4]
563,[4]
565,[4]
571,[4]
606,[4]
607,"[4, 5, 6]"
614,[4]
615,[4]
616,[4]
617,[4]
650,[4]
651,[4]
652,[4]
653,[4]
686,"[4, 5]"
687,"[4, 5]"
713,"[4, 6]"
714,[4]
715,[4]
716,[4]
718,[4]
743,[4]
744,[4]
745,"[4, 5]"
746,"[4, 5]"
751,"[4, 5]"
752,"[4, 5]"
756,"[4, 5]"
757,[4]
758,[4]
759,"[4, 5]"
760,"[4, 5]"
770,[4]
771,[4]
774,"[4, 5, 6]"
776,[4]
777,[4]
778,"[4, 5]"
779,"[4, 5]"
793,"[4, 5]"
794,"[4, 5]"
796,[4]
798,"[4, 5, 6]"
800,[4]
801,[4]
823,[4]
824,[4]
825,[4]
826,[4]
827,[4]
828,[4]
829,"[4, 5]"
830,"[4, 5]"
847,"[4, 5]"
848,"[4, 5]"
850,[4]
857,[4]
879,[4]
881,[4]
936,[4]
937,"[4, 5, 6]"
938,"[4, 6]"
939,"[4, 6]"
940,[4]
941,[4]
942,"[4, 5]"
943,"[4, 5]"
958,"[4, 5, 6]"
1019,[4]
1052,[4]
1053,"[4, 5, 6]"
1055,"[4, 6]"
1061,"[4, 5]"
1068,[4]
1069,[4]
1070,[4]
1071,[4]
1104,"[4, 5]"
1105,"[4, 5]"
1107,[4]
1109,[4]
1113,"[4, 5]"
1114,"[4, 5]"
1121,[4]
1122,[4]
1123,[4]
1124,[4]
1232,[4]
1233,[4]
1234,[4]
1235,[4]
1275,[4]
1276,[4]
1303,[4]
1304,[4]
1314,"[4, 5, 6]"
1347,[4]
1386,[4]
1387,[4]
1388,[4]
1402,[4]
1403,[4]
1404,"[4, 5]"
1405,"[4, 5]"
1407,[4]
1408,[4]
1409,"[4, 5]"
1410,"[4, 5]"
1495,[4]
1496,[4]
1497,[4]
1498,[4]
1504,[4]
1505,[4]
1506,"[4, 5]"
1507,"[4, 5]"
1529,[4]
1530,[4]
1531,[4]
1532,[4]
1545,"[4, 5]"
1546,"[4, 5]"
1554,[4]
1555,[4]
1556,[4]
1557,[4]
1566,[4]
1641,[4]
1642,[4]
1643,[4]
1644,[4]
1662,"[4, 5]"
1663,"[4, 5]"
1664,[4]
1665,[4]
1666,"[4, 5]"
1667,"[4, 5]"
1669,"[4, 5, 6]"
1727,[4]
1750,"[4, 5, 6]"
1766,[4]
1780,[4]
1781,[4]
1782,[4]
1783,[4]
1784,[4]
1785,[4]
1787,"[4, 5, 6]"
1805,"[4, 6]"
1806,"[4, 6]"
1807,[4]
1808,[4]
1809,"[4, 5]"
1810,"[4, 5]"
1816,[4]
1817,[4]
1818,[4]
1819,[4]
1820,[4]
1821,[4]
1822,"[4, 5]"
1823,"[4, 5]"
1852,[4]
1853,[4]
1872,[4]
1939,"[4, 5]"
1998,"[4, 5, 6]"
2011,[4]
2021,"[4, 5, 6]"
2022,"[4, 6]"
2023,"[4, 6]"
2024,[4]
2025,[4]
2060,[4]
2061,[4]
2062,[4]
2063,[4]
2064,[4]
2065,[4]
2066,"[4, 5]"
2067,"[4, 5]"
2097,[4]
2098,[4]
2099,[4]
2101,[4]
2118,"[4, 5]"
2119,"[4, 5]"
2120,[4]
2121,[4]
2144,[4]
2145,[4]
2146,[4]
2147,[4]
2183,[4]
2184,[4]
2185,[4]
2186,[4]
2209,"[4, 5, 6]"
2233,[4]
2234,[4]
2235,[4]
2236,[4]
2237,[4]
2238,[4]
2311,"[4, 5, 6]"
2319,"[4, 5, 6]"
2354,[4]
2355,[4]
2356,[4]
2357,[4]
2358,[4]
2359,[4]
2367,[4]
2438,[4]
2439,[4]
2454,"[4, 5]"
2455,[4]
2457,[4]
2493,"[4, 5, 6]"
2495,[4]
2508,[4]
2530,"[4, 6]"
2531,[4]
2532,[4]
2534,"[4, 5, 6]"
2572,[4]
2684,"[4, 5, 6]"
2692,[4]
2694,[4]
2695,[4]
2696,[4]
2697,[4]
2698,[4]
2699,[4]
2711,"[4, 5, 6]"
2723,[4]
2724,"[4, 5]"
2776,[4]
2777,[4]
2790,[4]
2794,[4]
2804,"[4, 5, 6]"
2812,"[4, 5, 6]"
2816,[4]
2817,[4]
2818,[4]
2819,[4]
2825,"[4, 5, 6]"
2836,[4]
2881,[4]
2982,[4]
3022,"[4, 5, 6]"
3024,"[4, 5]"
3025,"[4, 5]"
3031,[4]
3032,[4]
3033,[4]
3034,[4]
3035,[4]
3036,[4]
3037,"[4, 5]"
3038,"[4, 5]"
3046,[4]
3047,[4]
3048,[4]
3049,[4]
3095,"[4, 5, 6]"
3125,"[4, 5]"
3126,"[4, 5]"
3131,[4]
3132,[4]
3133,[4]
3134,[4]
3164,[4]
3165,[4]
3166,"[4, 5]"
3167,"[4, 5]"
3196,[4]
3197,[4]
3198,[4]
3199,[4]
3234,[4]
3255,[4]
3256,[4]
3257,[4]
3258,[4]
3268,"[4, 5]"
3269,"[4, 5]"
3291,"[4, 6]"
3292,"[4, 6]"
3293,[4]
3294,[4]
3315,[4]
3317,[4]
3323,[4]
3358,[4]
3359,"[4, 5, 6]"
3366,[4]
3367,[4]
3368,[4]
3369,[4]
3402,[4]
3403,[4]
3404,[4]
3405,[4]
3438,"[4, 5]"
3439,"[4, 5]"
3465,"[4, 6]"
3466,[4]
3467,[4]
3468,[4]
3470,[4]
3495,[4]
3496,[4]
3497,"[4, 5]"
3498,"[4, 5]"
3503,"[4, 5]"
3504,"[4, 5]"
3508,"[4, 5]"
3509,[4]
3510,[4]
3511,"[4, 5]"
3512,"[4, 5]"
3522,[4]
3523,[4]
3526,"[4, 5, 6]"
3528,[4]
3529,[4]
3530,"[4, 5]"
3531,"[4, 5]"
3545,"[4, 5]"
3546,"[4, 5]"
3548,[4]
3550,"[4, 5, 6]"
3552,[4]
3553,[4]
3575,[4]
3576,[4]
3577,[4]
3578,[4]
3579,[4]
3580,[4]
3581,"[4, 5]"
3582,"[4, 5]"
3599,"[4, 5]"
3600,"[4, 5]"
3602,[4]
3609,[4]
3631,[4]
3633,[4]
3688,[4]
3689,"[4, 5, 6]"
3690,"[4, 6]"
3691,"[4, 6]"
3692,[4]
3693,[4]
3694,"[4, 5]"
3695,"[4, 5]"
3710,"[4, 5, 6]"
3771,[4]
3804,[4]
3805,"[4, 5, 6]"
3807,"[4, 6]"
3813,"[4, 5]"
3820,[4]
3821,[4]
3822,[4]
3823,[4]
3856,"[4, 5]"
3857,"[4, 5]"
3859,[4]
3861,[4]
3865,"[4, 5]"
3866,"[4, 5]"
3873,[4]
3874,[4]
3875,[4]
3876,[4]
3984,[4]
3985,[4]
3986,[4]
3987,[4]
4027,[4]
4028,[4]
4055,[4]
4056,[4]
4066,"[4, 5, 6]"
4099,[4]
4138,[4]
4139,[4]
4140,[4]
4154,[4]
4155,[4]
4156,"[4, 5]"
4157,"[4, 5]"
4159,[4]
4160,[4]
4161,"[4, 5]"
4162,"[4, 5]"
4247,[4]
4248,[4]
4249,[4]
4250,[4]
4256,[4]
4257,[4]
4258,"[4, 5]"
4259,"[4, 5]"
4281,[4]
4282,[4]
4283,[4]
4284,[4]
4297,"[4, 5]"
4298,"[4, 5]"
4306,[4]
4307,[4]
4308,[4]
4309,[4]
4318,[4]
4393,[4]
4394,[4]
4395,[4]
4396,[4]
4414,"[4, 5]"
4415,"[4, 5]"
4416,[4]
4417,[4]
4418,"[4, 5]"
4419,"[4, 5]"
4421,"[4, 5, 6]"
4479,[4]
4502,"[4, 5, 6]"
4518,[4]
4532,[4]
4533,[4]
4534,[4]
4535,[4]
4536,[4]
4537,[4]
4539,"[4, 5, 6]"
4557,"[4, 6]"
4558,"[4, 6]"
4559,[4]
4560,[4]
4561,"[4, 5]"
4562,"[4, 5]"
4568,[4]
4569,[4]
4570,[4]
4571,[4]
4572,[4]
4573,[4]
4574,"[4, 5]"
4575,"[4, 5]"
4604,[4]
4605,[4]
4624,[4]
4691,"[4, 5]"
4750,"[4, 5, 6]"
4763,[4]
22,[5]
24,[5]
191,[5]
220,[5]
773,[5]
957,[5]
994,[5]
995,[5]
1111,[5]
1112,[5]
1281,[5]
1282,[5]
1283,[5]
1749,[5]
1938,[5]
2262,[5]
2318,[5]
2341,[5]
2348,"[5, 6]"
2349,"[5, 6]"
2492,"[5, 6]"
2535,[5]
2683,[5]
2685,[5]
2687,[5]
2688,[5]
2710,[5]
2803,[5]
2805,[5]
3004,[5]
3005,[5]
3006,[5]
3023,[5]
3525,[5]
3709,[5]
3746,[5]
3747,[5]
3863,[5]
3864,[5]
4033,[5]
4034,[5]
4035,[5]
4501,[5]
4690,[5]
2346,[6]
2347,[6]
